Time,Longitude,Latitude
2017-08-29 18:58:38,-106.2163996,39.9612154
2017-08-29 18:58:38,-106.2163996,39.9612154
2017-08-29 18:58:38,-106.2163995,39.9612154
2017-08-29 18:58:38,-106.2163995,39.9612154
2017-08-29 18:58:39,-106.2163995,39.9612154
2017-08-29 18:58:39,-106.2163995,39.9612154
2017-08-29 18:58:39,-106.2163995,39.9612154
2017-08-29 18:58:39,-106.2163995,39.9612155
2017-08-29 18:58:39,-106.2163995,39.9612155
2017-08-29 18:58:40,-106.2163996,39.9612155
2017-08-29 18:58:40,-106.2163996,39.9612155
2017-08-29 18:58:40,-106.2163996,39.9612155
2017-08-29 18:58:40,-106.2163996,39.9612155
2017-08-29 18:58:40,-106.2163996,39.9612155
2017-08-29 18:58:41,-106.2163996,39.9612155
2017-08-29 18:58:41,-106.2163996,39.9612155
2017-08-29 18:58:41,-106.2163996,39.9612155
2017-08-29 18:58:41,-106.2163996,39.9612155
2017-08-29 18:58:41,-106.2163996,39.9612155
2017-08-29 18:58:42,-106.2163995,39.9612155
2017-08-29 18:58:42,-106.2163995,39.9612155
2017-08-29 18:58:42,-106.2163995,39.9612155
2017-08-29 18:58:42,-106.2163995,39.9612155
2017-08-29 18:58:42,-106.2163995,39.9612155
2017-08-29 18:58:43,-106.2163995,39.9612155
2017-08-29 18:58:43,-106.2163995,39.9612155
2017-08-29 18:58:43,-106.2163995,39.9612155
2017-08-29 18:58:43,-106.2163995,39.9612155
2017-08-29 18:58:43,-106.2163995,39.9612156
2017-08-29 18:58:44,-106.2163995,39.9612156
2017-08-29 18:58:44,-106.2163995,39.9612156
2017-08-29 18:58:44,-106.2163995,39.9612156
2017-08-29 18:58:44,-106.2163995,39.9612157
2017-08-29 18:58:44,-106.2163995,39.9612157
2017-08-29 18:58:45,-106.2163996,39.9612157
2017-08-29 18:58:45,-106.2163996,39.9612157
2017-08-29 18:58:45,-106.2163996,39.9612157
2017-08-29 18:58:45,-106.2163997,39.9612157
2017-08-29 18:58:45,-106.2163997,39.9612157
2017-08-29 18:58:46,-106.2163997,39.9612157
2017-08-29 18:58:46,-106.2163997,39.9612157
2017-08-29 18:58:46,-106.2163997,39.9612157
2017-08-29 18:58:46,-106.2163998,39.9612157
2017-08-29 18:58:46,-106.2163997,39.9612156
2017-08-29 18:58:47,-106.2163997,39.9612156
2017-08-29 18:58:47,-106.2163997,39.9612156
2017-08-29 18:58:47,-106.2163997,39.9612157
2017-08-29 18:58:47,-106.2163996,39.9612157
2017-08-29 18:58:47,-106.2163997,39.9612157
2017-08-29 18:58:48,-106.2163997,39.9612157
2017-08-29 18:58:48,-106.2163997,39.9612157
2017-08-29 18:58:48,-106.2163996,39.9612157
2017-08-29 18:58:48,-106.2163997,39.9612158
2017-08-29 18:58:48,-106.2163997,39.9612158
2017-08-29 18:58:49,-106.2163997,39.9612158
2017-08-29 18:58:49,-106.2163997,39.9612158
2017-08-29 18:58:49,-106.2163997,39.9612158
2017-08-29 18:58:49,-106.2163997,39.9612158
2017-08-29 18:58:49,-106.2163996,39.9612159
2017-08-29 18:58:50,-106.2163996,39.9612159
2017-08-29 18:58:50,-106.2163996,39.9612159
2017-08-29 18:58:50,-106.2163996,39.9612159
2017-08-29 18:58:50,-106.2163996,39.9612159
2017-08-29 18:58:50,-106.2163997,39.9612159
2017-08-29 18:58:51,-106.2163996,39.9612159
2017-08-29 18:58:51,-106.2163996,39.9612159
2017-08-29 18:58:51,-106.2163996,39.9612159
2017-08-29 18:58:51,-106.2163996,39.9612159
2017-08-29 18:58:51,-106.2163995,39.9612159
2017-08-29 18:58:52,-106.2163995,39.9612159
2017-08-29 18:58:52,-106.2163995,39.9612159
2017-08-29 18:58:52,-106.2163995,39.9612159
2017-08-29 18:58:52,-106.2163995,39.9612159
2017-08-29 18:58:52,-106.2163995,39.9612159
2017-08-29 18:58:53,-106.2163994,39.9612159
2017-08-29 18:58:53,-106.2163994,39.9612159
2017-08-29 18:58:53,-106.2163994,39.9612159
2017-08-29 18:58:53,-106.2163994,39.9612159
2017-08-29 18:58:53,-106.2163994,39.9612159
2017-08-29 18:58:54,-106.2163995,39.9612159
2017-08-29 18:58:54,-106.2163995,39.9612159
2017-08-29 18:58:54,-106.2163995,39.961216
2017-08-29 18:58:54,-106.2163995,39.9612159
2017-08-29 18:58:54,-106.2163995,39.961216
2017-08-29 18:58:55,-106.2163995,39.961216
2017-08-29 18:58:55,-106.2163995,39.961216
2017-08-29 18:58:55,-106.2163995,39.961216
2017-08-29 18:58:55,-106.2163994,39.961216
2017-08-29 18:58:55,-106.2163994,39.961216
2017-08-29 18:58:56,-106.2163994,39.9612159
2017-08-29 18:58:56,-106.2163994,39.9612159
2017-08-29 18:58:56,-106.2163994,39.9612159
2017-08-29 18:58:56,-106.2163994,39.9612159
2017-08-29 18:58:56,-106.2163994,39.9612159
2017-08-29 18:58:57,-106.2163994,39.9612159
2017-08-29 18:58:57,-106.2163994,39.9612159
2017-08-29 18:58:57,-106.2163994,39.9612159
2017-08-29 18:58:57,-106.2163995,39.9612159
2017-08-29 18:58:57,-106.2163995,39.9612159
2017-08-29 18:58:58,-106.2163995,39.9612159
2017-08-29 18:58:58,-106.2163995,39.9612159
2017-08-29 18:58:58,-106.2163995,39.9612159
2017-08-29 18:58:58,-106.2163996,39.9612159
2017-08-29 18:58:58,-106.2163996,39.9612159
2017-08-29 18:58:59,-106.2163996,39.9612159
2017-08-29 18:58:59,-106.2163996,39.9612159
2017-08-29 18:58:59,-106.2163995,39.9612159
2017-08-29 18:58:59,-106.2163995,39.9612159
2017-08-29 18:58:59,-106.2163995,39.9612159
2017-08-29 18:59:00,-106.2163994,39.9612159
2017-08-29 18:59:00,-106.2163994,39.9612159
2017-08-29 18:59:00,-106.2163994,39.9612159
2017-08-29 18:59:00,-106.2163994,39.9612159
2017-08-29 18:59:03,-106.2163992,39.9612161
2017-08-29 18:59:03,-106.2163992,39.9612161
2017-08-29 18:59:04,-106.2163992,39.9612161
2017-08-29 18:59:04,-106.2163992,39.9612161
2017-08-29 18:59:04,-106.2163991,39.9612161
2017-08-29 18:59:04,-106.2163992,39.9612161
2017-08-29 18:59:04,-106.2163992,39.9612161
2017-08-29 18:59:05,-106.2163992,39.9612162
2017-08-29 18:59:05,-106.2163992,39.9612161
2017-08-29 18:59:05,-106.2163992,39.9612162
2017-08-29 18:59:05,-106.2163992,39.9612162
2017-08-29 18:59:05,-106.2163992,39.9612162
2017-08-29 18:59:06,-106.2163992,39.9612162
2017-08-29 18:59:06,-106.2163993,39.9612162
2017-08-29 18:59:06,-106.2163993,39.9612162
2017-08-29 18:59:06,-106.2163993,39.9612162
2017-08-29 18:59:06,-106.2163993,39.9612162
2017-08-29 18:59:07,-106.2163993,39.9612162
2017-08-29 18:59:07,-106.2163993,39.9612162
2017-08-29 18:59:07,-106.2163994,39.9612162
2017-08-29 18:59:07,-106.2163994,39.9612161
2017-08-29 18:59:07,-106.2163994,39.9612162
2017-08-29 18:59:08,-106.2163994,39.9612162
2017-08-29 18:59:08,-106.2163994,39.9612162
2017-08-29 18:59:08,-106.2163994,39.9612162
2017-08-29 18:59:08,-106.2163994,39.9612162
2017-08-29 18:59:08,-106.2163994,39.9612162
2017-08-29 18:59:09,-106.2163994,39.9612162
2017-08-29 18:59:09,-106.2163994,39.9612162
2017-08-29 18:59:09,-106.2163994,39.9612162
2017-08-29 18:59:09,-106.2163994,39.9612162
2017-08-29 18:59:09,-106.2163994,39.9612162
2017-08-29 18:59:10,-106.2163995,39.9612162
2017-08-29 18:59:10,-106.2163995,39.9612163
2017-08-29 18:59:10,-106.2163995,39.9612162
2017-08-29 18:59:10,-106.2163995,39.9612163
2017-08-29 18:59:10,-106.2163996,39.9612163
2017-08-29 18:59:11,-106.2163996,39.9612163
2017-08-29 18:59:11,-106.2163997,39.9612163
2017-08-29 18:59:11,-106.2163997,39.9612163
2017-08-29 18:59:11,-106.2163998,39.9612163
2017-08-29 18:59:11,-106.2163998,39.9612163
2017-08-29 18:59:12,-106.2163998,39.9612163
2017-08-29 18:59:12,-106.2163997,39.9612163
2017-08-29 18:59:12,-106.2163997,39.9612164
2017-08-29 18:59:12,-106.2163997,39.9612164
2017-08-29 18:59:12,-106.2163997,39.9612164
2017-08-29 18:59:13,-106.2163997,39.9612164
2017-08-29 18:59:13,-106.2163997,39.9612164
2017-08-29 18:59:13,-106.2163997,39.9612165
2017-08-29 18:59:13,-106.2163997,39.9612165
2017-08-29 18:59:13,-106.2163997,39.9612165
2017-08-29 18:59:14,-106.2163997,39.9612165
2017-08-29 18:59:14,-106.2163997,39.9612165
2017-08-29 18:59:14,-106.2163996,39.9612166
2017-08-29 18:59:14,-106.2163997,39.9612166
2017-08-29 18:59:14,-106.2163997,39.9612166
2017-08-29 18:59:15,-106.2163997,39.9612166
2017-08-29 18:59:15,-106.2163997,39.9612166
2017-08-29 18:59:15,-106.2163997,39.9612167
2017-08-29 18:59:15,-106.2163997,39.9612167
2017-08-29 18:59:15,-106.2163997,39.9612167
2017-08-29 18:59:16,-106.2163996,39.9612167
2017-08-29 18:59:16,-106.2163996,39.9612167
2017-08-29 18:59:16,-106.2163996,39.9612167
2017-08-29 18:59:16,-106.2163996,39.9612168
2017-08-29 18:59:16,-106.2163996,39.9612168
2017-08-29 18:59:17,-106.2163994,39.9612169
2017-08-29 18:59:17,-106.2163988,39.9612169
2017-08-29 18:59:17,-106.2163981,39.9612173
2017-08-29 18:59:17,-106.2163978,39.9612173
2017-08-29 18:59:17,-106.2163976,39.9612172
2017-08-29 18:59:18,-106.2163974,39.961217
2017-08-29 18:59:18,-106.2163972,39.961217
2017-08-29 18:59:18,-106.2163971,39.9612169
2017-08-29 18:59:18,-106.2163969,39.9612166
2017-08-29 18:59:18,-106.2163967,39.9612165
2017-08-29 18:59:19,-106.2163966,39.9612165
2017-08-29 18:59:19,-106.2163965,39.9612164
2017-08-29 18:59:19,-106.2163963,39.9612164
2017-08-29 18:59:19,-106.2163961,39.9612161
2017-08-29 18:59:20,-106.2163958,39.9612161
2017-08-29 18:59:20,-106.2163955,39.961216
2017-08-29 18:59:20,-106.2163952,39.9612159
2017-08-29 18:59:20,-106.216395,39.9612157
2017-08-29 18:59:20,-106.216395,39.9612155
2017-08-29 18:59:21,-106.2163948,39.9612154
2017-08-29 18:59:21,-106.2163947,39.9612153
2017-08-29 18:59:21,-106.2163949,39.9612152
2017-08-29 18:59:21,-106.2163947,39.9612151
2017-08-29 18:59:21,-106.2163946,39.9612151
2017-08-29 18:59:22,-106.2163945,39.961215
2017-08-29 18:59:22,-106.2163944,39.9612151
2017-08-29 18:59:22,-106.2163943,39.9612152
2017-08-29 18:59:22,-106.2163944,39.9612152
2017-08-29 18:59:22,-106.2163944,39.9612152
2017-08-29 18:59:23,-106.2163944,39.9612153
2017-08-29 18:59:23,-106.2163943,39.9612153
2017-08-29 18:59:23,-106.2163945,39.9612154
2017-08-29 18:59:23,-106.2163946,39.9612153
2017-08-29 18:59:24,-106.2163946,39.9612154
2017-08-29 18:59:24,-106.2163948,39.9612154
2017-08-29 18:59:24,-106.2163948,39.9612154
2017-08-29 18:59:24,-106.2163951,39.9612153
2017-08-29 18:59:24,-106.2163951,39.9612153
2017-08-29 18:59:24,-106.2163953,39.9612153
2017-08-29 18:59:25,-106.2163953,39.9612153
2017-08-29 18:59:25,-106.2163953,39.9612152
2017-08-29 18:59:25,-106.2163954,39.9612152
2017-08-29 18:59:25,-106.2163953,39.9612153
2017-08-29 18:59:26,-106.2163954,39.9612153
2017-08-29 18:59:26,-106.2163955,39.9612153
2017-08-29 18:59:26,-106.2163955,39.9612153
2017-08-29 18:59:26,-106.2163956,39.9612152
2017-08-29 18:59:26,-106.2163954,39.9612152
2017-08-29 18:59:26,-106.2163954,39.961215
2017-08-29 18:59:27,-106.2163952,39.961215
2017-08-29 18:59:27,-106.2163951,39.9612148
2017-08-29 18:59:27,-106.216395,39.9612147
2017-08-29 18:59:27,-106.2163951,39.9612146
2017-08-29 18:59:27,-106.216395,39.9612147
2017-08-29 18:59:28,-106.2163951,39.9612146
2017-08-29 18:59:28,-106.2163953,39.9612147
2017-08-29 18:59:28,-106.2163954,39.9612146
2017-08-29 18:59:28,-106.2163958,39.9612145
2017-08-29 18:59:28,-106.216396,39.9612144
2017-08-29 18:59:29,-106.2163963,39.9612142
2017-08-29 18:59:29,-106.2163966,39.9612141
2017-08-29 18:59:29,-106.2163967,39.9612141
2017-08-29 18:59:29,-106.2163968,39.9612141
2017-08-29 18:59:29,-106.2163969,39.961214
2017-08-29 18:59:30,-106.216397,39.961214
2017-08-29 18:59:30,-106.2163971,39.961214
2017-08-29 18:59:30,-106.2163972,39.9612141
2017-08-29 18:59:30,-106.2163972,39.9612141
2017-08-29 18:59:30,-106.2163972,39.9612141
2017-08-29 18:59:31,-106.2163971,39.9612142
2017-08-29 18:59:31,-106.216397,39.9612144
2017-08-29 18:59:31,-106.216397,39.9612146
2017-08-29 18:59:31,-106.216397,39.9612148
2017-08-29 18:59:31,-106.2163971,39.9612149
2017-08-29 18:59:32,-106.2163972,39.961215
2017-08-29 18:59:32,-106.2163974,39.9612151
2017-08-29 18:59:32,-106.2163975,39.9612151
2017-08-29 18:59:32,-106.2163976,39.9612151
2017-08-29 18:59:32,-106.2163978,39.9612151
2017-08-29 18:59:33,-106.216398,39.961215
2017-08-29 18:59:33,-106.2163981,39.9612149
2017-08-29 18:59:33,-106.2163983,39.9612148
2017-08-29 18:59:33,-106.2163983,39.9612148
2017-08-29 18:59:33,-106.216398,39.9612147
2017-08-29 18:59:34,-106.2163977,39.9612147
2017-08-29 18:59:34,-106.2163975,39.9612145
2017-08-29 18:59:34,-106.2163975,39.9612146
2017-08-29 18:59:34,-106.2163974,39.9612145
2017-08-29 18:59:34,-106.2163973,39.9612146
2017-08-29 18:59:35,-106.2163971,39.9612146
2017-08-29 18:59:35,-106.2163969,39.9612145
2017-08-29 18:59:35,-106.2163968,39.9612146
2017-08-29 18:59:35,-106.2163965,39.9612146
2017-08-29 18:59:36,-106.2163965,39.9612149
2017-08-29 18:59:36,-106.2163967,39.9612147
2017-08-29 18:59:36,-106.2163968,39.9612147
2017-08-29 18:59:36,-106.2163966,39.9612142
2017-08-29 18:59:36,-106.2163956,39.9612127
2017-08-29 18:59:36,-106.2163943,39.961211
2017-08-29 18:59:37,-106.2163935,39.9612099
2017-08-29 18:59:37,-106.216393,39.9612091
2017-08-29 18:59:37,-106.2163929,39.9612087
2017-08-29 18:59:37,-106.2163928,39.9612085
2017-08-29 18:59:37,-106.2163926,39.9612083
2017-08-29 18:59:38,-106.2163926,39.9612081
2017-08-29 18:59:38,-106.2163926,39.961208
2017-08-29 18:59:38,-106.2163929,39.9612081
2017-08-29 18:59:38,-106.2163931,39.9612082
2017-08-29 18:59:38,-106.2163935,39.9612081
2017-08-29 18:59:39,-106.216394,39.961208
2017-08-29 18:59:39,-106.2163944,39.9612079
2017-08-29 18:59:39,-106.2163947,39.9612074
2017-08-29 18:59:39,-106.2163949,39.961207
2017-08-29 18:59:39,-106.216395,39.9612067
2017-08-29 18:59:40,-106.216395,39.9612065
2017-08-29 18:59:40,-106.2163948,39.9612065
2017-08-29 18:59:40,-106.2163945,39.9612066
2017-08-29 18:59:40,-106.2163942,39.9612068
2017-08-29 18:59:40,-106.2163939,39.961207
2017-08-29 18:59:41,-106.2163935,39.9612073
2017-08-29 18:59:41,-106.2163931,39.9612075
2017-08-29 18:59:41,-106.2163928,39.9612078
2017-08-29 18:59:41,-106.2163925,39.961208
2017-08-29 18:59:41,-106.2163922,39.9612082
2017-08-29 18:59:42,-106.216392,39.9612084
2017-08-29 18:59:42,-106.2163919,39.9612086
2017-08-29 18:59:42,-106.2163918,39.9612087
2017-08-29 18:59:42,-106.2163919,39.9612087
2017-08-29 18:59:42,-106.216392,39.9612087
2017-08-29 18:59:43,-106.2163921,39.9612087
2017-08-29 18:59:43,-106.2163922,39.9612087
2017-08-29 18:59:43,-106.2163926,39.9612087
2017-08-29 18:59:43,-106.2163928,39.9612087
2017-08-29 18:59:43,-106.216393,39.9612088
2017-08-29 18:59:44,-106.2163931,39.9612091
2017-08-29 18:59:44,-106.2163934,39.9612094
2017-08-29 18:59:44,-106.2163935,39.9612096
2017-08-29 18:59:44,-106.2163934,39.9612098
2017-08-29 18:59:44,-106.2163933,39.9612099
2017-08-29 18:59:45,-106.2163932,39.96121
2017-08-29 18:59:45,-106.2163935,39.9612097
2017-08-29 18:59:45,-106.2163949,39.9612087
2017-08-29 18:59:45,-106.2163975,39.9612067
2017-08-29 18:59:45,-106.2164013,39.9612039
2017-08-29 18:59:46,-106.2164061,39.9612005
2017-08-29 18:59:46,-106.2164116,39.9611967
2017-08-29 18:59:46,-106.2164178,39.9611924
2017-08-29 18:59:46,-106.2164246,39.9611879
2017-08-29 18:59:46,-106.216432,39.9611828
2017-08-29 18:59:47,-106.2164401,39.9611776
2017-08-29 18:59:47,-106.2164486,39.961172
2017-08-29 18:59:47,-106.2164578,39.9611661
2017-08-29 18:59:47,-106.2164675,39.9611598
2017-08-29 18:59:47,-106.2164778,39.9611531
2017-08-29 18:59:48,-106.2164885,39.9611461
2017-08-29 18:59:48,-106.2164999,39.9611389
2017-08-29 18:59:48,-106.2165118,39.9611313
2017-08-29 18:59:48,-106.2165241,39.9611232
2017-08-29 18:59:48,-106.2165368,39.9611148
2017-08-29 18:59:49,-106.21655,39.961106
2017-08-29 18:59:49,-106.2165634,39.9610969
2017-08-29 18:59:49,-106.2165772,39.9610875
2017-08-29 18:59:49,-106.2165913,39.9610779
2017-08-29 18:59:49,-106.2166055,39.9610682
2017-08-29 18:59:50,-106.2166198,39.9610583
2017-08-29 18:59:50,-106.2166344,39.9610482
2017-08-29 18:59:50,-106.2166492,39.961038
2017-08-29 18:59:50,-106.2166642,39.9610277
2017-08-29 18:59:50,-106.2166792,39.9610172
2017-08-29 18:59:51,-106.2166944,39.9610065
2017-08-29 18:59:51,-106.2167097,39.9609958
2017-08-29 18:59:51,-106.2167251,39.9609851
2017-08-29 18:59:51,-106.2167405,39.9609742
2017-08-29 18:59:51,-106.2167561,39.9609631
2017-08-29 18:59:52,-106.2167716,39.9609521
2017-08-29 18:59:52,-106.2167871,39.960941
2017-08-29 18:59:52,-106.2168026,39.96093
2017-08-29 18:59:52,-106.216818,39.960919
2017-08-29 18:59:52,-106.2168335,39.960908
2017-08-29 18:59:53,-106.2168489,39.960897
2017-08-29 18:59:53,-106.2168642,39.960886
2017-08-29 18:59:53,-106.216879,39.9608754
2017-08-29 18:59:53,-106.2168927,39.9608655
2017-08-29 18:59:53,-106.2169052,39.9608563
2017-08-29 18:59:54,-106.2169168,39.9608478
2017-08-29 18:59:54,-106.2169271,39.96084
2017-08-29 18:59:54,-106.2169361,39.9608331
2017-08-29 18:59:54,-106.2169439,39.9608268
2017-08-29 18:59:54,-106.2169503,39.9608214
2017-08-29 18:59:55,-106.2169556,39.9608169
2017-08-29 18:59:55,-106.2169595,39.9608133
2017-08-29 18:59:55,-106.2169622,39.9608104
2017-08-29 18:59:55,-106.2169639,39.9608084
2017-08-29 18:59:55,-106.2169647,39.960807
2017-08-29 18:59:56,-106.2169653,39.960806
2017-08-29 18:59:56,-106.2169657,39.9608052
2017-08-29 18:59:56,-106.2169661,39.9608046
2017-08-29 18:59:56,-106.2169663,39.9608042
2017-08-29 18:59:56,-106.2169665,39.9608039
2017-08-29 18:59:57,-106.2169665,39.9608038
2017-08-29 18:59:57,-106.2169664,39.9608037
2017-08-29 18:59:57,-106.2169663,39.9608039
2017-08-29 18:59:57,-106.2169662,39.9608041
2017-08-29 18:59:57,-106.216966,39.9608044
2017-08-29 18:59:58,-106.2169658,39.9608046
2017-08-29 18:59:58,-106.2169656,39.9608049
2017-08-29 18:59:58,-106.2169653,39.9608051
2017-08-29 18:59:58,-106.2169651,39.9608054
2017-08-29 18:59:59,-106.2169649,39.9608056
2017-08-29 18:59:59,-106.2169648,39.9608058
2017-08-29 18:59:59,-106.2169647,39.960806
2017-08-29 18:59:59,-106.2169646,39.9608062
2017-08-29 18:59:59,-106.2169645,39.9608064
2017-08-29 18:59:59,-106.2169645,39.9608066
2017-08-29 19:00:00,-106.2169644,39.9608067
2017-08-29 19:00:00,-106.2169644,39.9608068
2017-08-29 19:00:00,-106.2169643,39.9608069
2017-08-29 19:00:00,-106.2169643,39.9608069
2017-08-29 19:00:00,-106.2169643,39.9608069
2017-08-29 19:00:01,-106.2169642,39.9608069
2017-08-29 19:00:01,-106.2169642,39.9608069
2017-08-29 19:00:01,-106.2169641,39.9608069
2017-08-29 19:00:01,-106.216964,39.960807
2017-08-29 19:00:01,-106.216964,39.960807
2017-08-29 19:00:02,-106.2169639,39.960807
2017-08-29 19:00:02,-106.2169639,39.9608069
2017-08-29 19:00:02,-106.2169639,39.9608068
2017-08-29 19:00:02,-106.2169638,39.9608068
2017-08-29 19:00:02,-106.2169639,39.9608067
2017-08-29 19:00:03,-106.2169639,39.9608067
2017-08-29 19:00:03,-106.2169639,39.9608066
2017-08-29 19:00:03,-106.2169638,39.9608065
2017-08-29 19:00:03,-106.2169638,39.9608064
2017-08-29 19:00:03,-106.2169638,39.9608063
2017-08-29 19:00:04,-106.2169638,39.9608062
2017-08-29 19:00:04,-106.2169638,39.9608061
2017-08-29 19:00:04,-106.2169638,39.9608061
2017-08-29 19:00:04,-106.2169638,39.960806
2017-08-29 19:00:04,-106.2169639,39.9608059
2017-08-29 19:00:05,-106.2169639,39.9608058
2017-08-29 19:00:05,-106.216964,39.9608058
2017-08-29 19:00:05,-106.2169641,39.9608058
2017-08-29 19:00:05,-106.2169642,39.9608058
2017-08-29 19:00:05,-106.2169642,39.9608058
2017-08-29 19:00:06,-106.2169642,39.9608058
2017-08-29 19:00:06,-106.2169643,39.9608058
2017-08-29 19:00:06,-106.2169643,39.9608059
2017-08-29 19:00:06,-106.2169643,39.9608059
2017-08-29 19:00:06,-106.2169643,39.9608059
2017-08-29 19:00:07,-106.2169642,39.9608059
2017-08-29 19:00:07,-106.2169641,39.960806
2017-08-29 19:00:07,-106.2169641,39.960806
2017-08-29 19:00:07,-106.216964,39.960806
2017-08-29 19:00:07,-106.2169639,39.9608061
2017-08-29 19:00:08,-106.2169638,39.9608061
2017-08-29 19:00:08,-106.2169637,39.9608062
2017-08-29 19:00:08,-106.2169636,39.9608062
2017-08-29 19:00:08,-106.2169636,39.9608062
2017-08-29 19:00:08,-106.2169636,39.9608062
2017-08-29 19:00:09,-106.2169636,39.9608062
2017-08-29 19:00:09,-106.2169636,39.9608062
2017-08-29 19:00:09,-106.2169636,39.9608062
2017-08-29 19:00:09,-106.2169636,39.9608061
2017-08-29 19:00:09,-106.2169636,39.9608061
2017-08-29 19:00:10,-106.2169636,39.9608061
2017-08-29 19:00:10,-106.2169636,39.960806
2017-08-29 19:00:10,-106.2169637,39.960806
2017-08-29 19:00:10,-106.2169639,39.9608059
2017-08-29 19:00:10,-106.2169645,39.9608055
2017-08-29 19:00:11,-106.2169661,39.9608045
2017-08-29 19:00:11,-106.2169689,39.9608026
2017-08-29 19:00:11,-106.2169727,39.9608001
2017-08-29 19:00:11,-106.2169772,39.960797
2017-08-29 19:00:11,-106.2169822,39.9607936
2017-08-29 19:00:12,-106.2169876,39.9607898
2017-08-29 19:00:12,-106.2169936,39.9607857
2017-08-29 19:00:12,-106.217,39.9607812
2017-08-29 19:00:12,-106.2170068,39.9607764
2017-08-29 19:00:12,-106.217014,39.9607712
2017-08-29 19:00:13,-106.2170216,39.9607658
2017-08-29 19:00:13,-106.2170296,39.96076
2017-08-29 19:00:13,-106.217038,39.9607539
2017-08-29 19:00:13,-106.2170467,39.9607475
2017-08-29 19:00:13,-106.2170557,39.960741
2017-08-29 19:00:14,-106.2170652,39.960734
2017-08-29 19:00:14,-106.2170748,39.9607268
2017-08-29 19:00:14,-106.2170847,39.9607196
2017-08-29 19:00:14,-106.217095,39.960712
2017-08-29 19:00:14,-106.2171055,39.960704
2017-08-29 19:00:15,-106.2171163,39.9606958
2017-08-29 19:00:15,-106.2171274,39.9606873
2017-08-29 19:00:15,-106.2171388,39.9606786
2017-08-29 19:00:15,-106.2171506,39.9606698
2017-08-29 19:00:15,-106.2171626,39.9606607
2017-08-29 19:00:16,-106.2171749,39.9606516
2017-08-29 19:00:16,-106.2171873,39.9606424
2017-08-29 19:00:16,-106.2171999,39.9606331
2017-08-29 19:00:16,-106.2172128,39.9606236
2017-08-29 19:00:16,-106.2172258,39.960614
2017-08-29 19:00:17,-106.217239,39.9606043
2017-08-29 19:00:17,-106.2172524,39.9605944
2017-08-29 19:00:17,-106.2172659,39.9605845
2017-08-29 19:00:17,-106.2172796,39.9605744
2017-08-29 19:00:17,-106.2172932,39.9605645
2017-08-29 19:00:18,-106.2173061,39.9605551
2017-08-29 19:00:18,-106.2173178,39.9605464
2017-08-29 19:00:18,-106.2173285,39.9605383
2017-08-29 19:00:18,-106.2173379,39.9605311
2017-08-29 19:00:18,-106.2173461,39.9605246
2017-08-29 19:00:19,-106.2173528,39.960519
2017-08-29 19:00:19,-106.2173585,39.9605142
2017-08-29 19:00:19,-106.217363,39.9605102
2017-08-29 19:00:19,-106.2173663,39.960507
2017-08-29 19:00:19,-106.2173688,39.9605045
2017-08-29 19:00:20,-106.2173703,39.9605027
2017-08-29 19:00:20,-106.2173713,39.9605015
2017-08-29 19:00:20,-106.217372,39.9605005
2017-08-29 19:00:20,-106.2173725,39.9604998
2017-08-29 19:00:20,-106.2173729,39.9604992
2017-08-29 19:00:21,-106.2173733,39.9604988
2017-08-29 19:00:21,-106.2173736,39.9604985
2017-08-29 19:00:21,-106.2173737,39.9604983
2017-08-29 19:00:21,-106.2173738,39.9604983
2017-08-29 19:00:21,-106.2173738,39.9604983
2017-08-29 19:00:22,-106.2173737,39.9604983
2017-08-29 19:00:22,-106.2173736,39.9604983
2017-08-29 19:00:22,-106.2173734,39.9604985
2017-08-29 19:00:22,-106.2173732,39.9604987
2017-08-29 19:00:22,-106.2173729,39.9604989
2017-08-29 19:00:23,-106.2173726,39.9604991
2017-08-29 19:00:23,-106.2173723,39.9604993
2017-08-29 19:00:23,-106.217372,39.9604995
2017-08-29 19:00:23,-106.2173718,39.9604996
2017-08-29 19:00:23,-106.2173715,39.9604998
2017-08-29 19:00:24,-106.2173713,39.9605
2017-08-29 19:00:24,-106.217371,39.9605002
2017-08-29 19:00:24,-106.2173708,39.9605004
2017-08-29 19:00:24,-106.2173707,39.9605006
2017-08-29 19:00:24,-106.2173706,39.9605007
2017-08-29 19:00:25,-106.2173706,39.9605008
2017-08-29 19:00:25,-106.2173705,39.9605008
2017-08-29 19:00:25,-106.2173705,39.9605009
2017-08-29 19:00:25,-106.2173705,39.960501
2017-08-29 19:00:25,-106.2173704,39.9605011
2017-08-29 19:00:26,-106.2173704,39.9605011
2017-08-29 19:00:26,-106.2173704,39.9605011
2017-08-29 19:00:26,-106.2173704,39.9605011
2017-08-29 19:00:26,-106.2173704,39.9605011
2017-08-29 19:00:26,-106.2173704,39.9605011
2017-08-29 19:00:27,-106.2173704,39.960501
2017-08-29 19:00:27,-106.2173704,39.960501
2017-08-29 19:00:27,-106.2173704,39.960501
2017-08-29 19:00:27,-106.2173704,39.9605011
2017-08-29 19:00:27,-106.2173704,39.9605012
2017-08-29 19:00:28,-106.2173704,39.9605013
2017-08-29 19:00:28,-106.2173703,39.9605014
2017-08-29 19:00:28,-106.2173702,39.9605014
2017-08-29 19:00:28,-106.2173702,39.9605014
2017-08-29 19:00:28,-106.2173702,39.9605014
2017-08-29 19:00:29,-106.2173703,39.9605014
2017-08-29 19:00:29,-106.2173704,39.9605013
2017-08-29 19:00:29,-106.2173705,39.9605013
2017-08-29 19:00:29,-106.2173705,39.9605012
2017-08-29 19:00:29,-106.2173704,39.9605011
2017-08-29 19:00:30,-106.2173703,39.960501
2017-08-29 19:00:30,-106.2173702,39.9605009
2017-08-29 19:00:30,-106.2173701,39.9605009
2017-08-29 19:00:30,-106.21737,39.9605009
2017-08-29 19:00:30,-106.2173699,39.9605009
2017-08-29 19:00:31,-106.2173699,39.960501
2017-08-29 19:00:31,-106.2173698,39.960501
2017-08-29 19:00:31,-106.2173697,39.9605011
2017-08-29 19:00:31,-106.2173697,39.9605011
2017-08-29 19:00:31,-106.2173697,39.9605011
2017-08-29 19:00:32,-106.2173697,39.9605011
2017-08-29 19:00:32,-106.2173698,39.9605011
2017-08-29 19:00:32,-106.2173699,39.9605012
2017-08-29 19:00:32,-106.21737,39.9605012
2017-08-29 19:00:32,-106.2173701,39.9605013
2017-08-29 19:00:33,-106.2173702,39.9605014
2017-08-29 19:00:33,-106.2173702,39.9605014
2017-08-29 19:00:33,-106.2173702,39.9605014
2017-08-29 19:00:33,-106.2173703,39.9605014
2017-08-29 19:00:33,-106.2173704,39.9605014
2017-08-29 19:00:34,-106.2173704,39.9605014
2017-08-29 19:00:34,-106.2173704,39.9605014
2017-08-29 19:00:34,-106.2173704,39.9605015
2017-08-29 19:00:34,-106.2173705,39.9605015
2017-08-29 19:00:34,-106.2173704,39.9605015
2017-08-29 19:00:35,-106.2173705,39.9605015
2017-08-29 19:00:35,-106.2173704,39.9605015
2017-08-29 19:00:35,-106.2173704,39.9605015
2017-08-29 19:00:35,-106.2173704,39.9605016
2017-08-29 19:00:35,-106.2173704,39.9605016
2017-08-29 19:00:36,-106.2173706,39.9605015
2017-08-29 19:00:36,-106.2173707,39.9605015
2017-08-29 19:00:36,-106.2173708,39.9605014
2017-08-29 19:00:36,-106.217371,39.9605013
2017-08-29 19:00:36,-106.217371,39.9605012
2017-08-29 19:00:37,-106.217371,39.9605012
2017-08-29 19:00:37,-106.2173709,39.9605012
2017-08-29 19:00:37,-106.2173709,39.9605012
2017-08-29 19:00:37,-106.2173709,39.9605012
2017-08-29 19:00:37,-106.2173709,39.9605012
2017-08-29 19:00:38,-106.2173708,39.9605012
2017-08-29 19:00:38,-106.2173707,39.9605012
2017-08-29 19:00:38,-106.2173706,39.9605012
2017-08-29 19:00:38,-106.2173706,39.9605011
2017-08-29 19:00:38,-106.2173705,39.960501
2017-08-29 19:00:39,-106.2173705,39.960501
2017-08-29 19:00:39,-106.2173704,39.9605009
2017-08-29 19:00:39,-106.2173704,39.9605009
2017-08-29 19:00:39,-106.2173703,39.9605009
2017-08-29 19:00:40,-106.2173703,39.9605009
2017-08-29 19:00:40,-106.2173702,39.9605009
2017-08-29 19:00:40,-106.2173701,39.9605009
2017-08-29 19:00:40,-106.2173701,39.9605009
2017-08-29 19:00:40,-106.21737,39.9605008
2017-08-29 19:00:40,-106.2173699,39.9605008
2017-08-29 19:00:41,-106.2173698,39.9605007
2017-08-29 19:00:41,-106.2173697,39.9605006
2017-08-29 19:00:41,-106.2173698,39.9605005
2017-08-29 19:00:41,-106.2173698,39.9605004
2017-08-29 19:00:41,-106.2173698,39.9605004
2017-08-29 19:00:42,-106.2173698,39.9605003
2017-08-29 19:00:42,-106.2173698,39.9605001
2017-08-29 19:00:42,-106.2173698,39.9605
2017-08-29 19:00:42,-106.2173697,39.9604999
2017-08-29 19:00:42,-106.2173697,39.9604998
2017-08-29 19:00:43,-106.2173696,39.9604997
2017-08-29 19:00:43,-106.2173695,39.9604996
2017-08-29 19:00:43,-106.2173694,39.9604995
2017-08-29 19:00:43,-106.2173694,39.9604993
2017-08-29 19:00:43,-106.2173694,39.9604992
2017-08-29 19:00:44,-106.2173693,39.9604991
2017-08-29 19:00:44,-106.2173693,39.9604991
2017-08-29 19:00:44,-106.2173694,39.9604991
2017-08-29 19:00:44,-106.2173694,39.960499
2017-08-29 19:00:44,-106.2173694,39.960499
2017-08-29 19:00:45,-106.2173695,39.9604989
2017-08-29 19:00:45,-106.2173695,39.9604989
2017-08-29 19:00:45,-106.2173695,39.9604988
2017-08-29 19:00:45,-106.2173696,39.9604988
2017-08-29 19:00:45,-106.2173695,39.9604987
2017-08-29 19:00:46,-106.2173694,39.9604986
2017-08-29 19:00:46,-106.2173693,39.9604986
2017-08-29 19:00:46,-106.2173692,39.9604986
2017-08-29 19:00:46,-106.2173691,39.9604987
2017-08-29 19:00:46,-106.2173691,39.9604988
2017-08-29 19:00:47,-106.2173691,39.9604988
2017-08-29 19:00:47,-106.2173692,39.9604988
2017-08-29 19:00:47,-106.2173693,39.9604987
2017-08-29 19:00:47,-106.2173698,39.9604984
2017-08-29 19:00:47,-106.2173711,39.9604976
2017-08-29 19:00:48,-106.2173738,39.9604959
2017-08-29 19:00:48,-106.2173775,39.9604935
2017-08-29 19:00:48,-106.2173823,39.9604905
2017-08-29 19:00:48,-106.2173876,39.960487
2017-08-29 19:00:48,-106.2173936,39.960483
2017-08-29 19:00:49,-106.2174,39.9604786
2017-08-29 19:00:49,-106.217407,39.9604737
2017-08-29 19:00:49,-106.2174144,39.9604684
2017-08-29 19:00:49,-106.2174223,39.9604627
2017-08-29 19:00:49,-106.2174306,39.9604567
2017-08-29 19:00:50,-106.2174393,39.9604503
2017-08-29 19:00:50,-106.2174484,39.9604436
2017-08-29 19:00:50,-106.2174581,39.9604366
2017-08-29 19:00:50,-106.2174679,39.9604293
2017-08-29 19:00:50,-106.2174783,39.9604217
2017-08-29 19:00:51,-106.217489,39.9604138
2017-08-29 19:00:51,-106.2175001,39.9604057
2017-08-29 19:00:51,-106.2175117,39.9603972
2017-08-29 19:00:51,-106.2175236,39.9603886
2017-08-29 19:00:51,-106.2175358,39.9603797
2017-08-29 19:00:52,-106.2175483,39.9603705
2017-08-29 19:00:52,-106.2175611,39.9603612
2017-08-29 19:00:52,-106.2175742,39.9603517
2017-08-29 19:00:52,-106.2175875,39.960342
2017-08-29 19:00:53,-106.2176013,39.9603322
2017-08-29 19:00:53,-106.2176154,39.9603221
2017-08-29 19:00:53,-106.2176297,39.9603119
2017-08-29 19:00:53,-106.2176443,39.9603016
2017-08-29 19:00:53,-106.2176591,39.9602912
2017-08-29 19:00:53,-106.2176741,39.9602806
2017-08-29 19:00:54,-106.2176891,39.96027
2017-08-29 19:00:54,-106.2177044,39.9602593
2017-08-29 19:00:54,-106.2177197,39.9602486
2017-08-29 19:00:54,-106.2177353,39.9602377
2017-08-29 19:00:54,-106.2177509,39.9602269
2017-08-29 19:00:55,-106.2177665,39.9602161
2017-08-29 19:00:55,-106.2177823,39.9602051
2017-08-29 19:00:55,-106.2177982,39.9601942
2017-08-29 19:00:55,-106.2178141,39.9601832
2017-08-29 19:00:55,-106.2178301,39.9601723
2017-08-29 19:00:56,-106.2178462,39.9601614
2017-08-29 19:00:56,-106.2178622,39.9601507
2017-08-29 19:00:56,-106.217877,39.9601407
2017-08-29 19:00:56,-106.2178909,39.9601313
2017-08-29 19:00:56,-106.2179035,39.9601226
2017-08-29 19:00:57,-106.217915,39.9601146
2017-08-29 19:00:57,-106.2179253,39.9601075
2017-08-29 19:00:57,-106.2179342,39.9601011
2017-08-29 19:00:57,-106.2179419,39.9600956
2017-08-29 19:00:57,-106.2179485,39.9600908
2017-08-29 19:00:58,-106.2179539,39.9600868
2017-08-29 19:00:58,-106.217958,39.9600835
2017-08-29 19:00:58,-106.217961,39.960081
2017-08-29 19:00:58,-106.2179631,39.9600791
2017-08-29 19:00:58,-106.2179644,39.960078
2017-08-29 19:00:59,-106.2179651,39.9600774
2017-08-29 19:00:59,-106.2179655,39.960077
2017-08-29 19:00:59,-106.2179659,39.9600765
2017-08-29 19:00:59,-106.2179674,39.9600754
2017-08-29 19:00:59,-106.2179701,39.9600734
2017-08-29 19:01:00,-106.217974,39.9600707
2017-08-29 19:01:00,-106.2179788,39.9600674
2017-08-29 19:01:00,-106.2179843,39.9600638
2017-08-29 19:01:00,-106.2179903,39.9600596
2017-08-29 19:01:00,-106.2179968,39.960055
2017-08-29 19:01:01,-106.2180039,39.9600502
2017-08-29 19:01:01,-106.2180113,39.9600449
2017-08-29 19:01:01,-106.2180193,39.9600393
2017-08-29 19:01:01,-106.2180279,39.9600333
2017-08-29 19:01:01,-106.2180367,39.960027
2017-08-29 19:01:02,-106.2180461,39.9600203
2017-08-29 19:01:02,-106.2180559,39.9600133
2017-08-29 19:01:02,-106.2180662,39.960006
2017-08-29 19:01:02,-106.2180769,39.9599984
2017-08-29 19:01:02,-106.2180881,39.9599906
2017-08-29 19:01:03,-106.2180997,39.9599824
2017-08-29 19:01:03,-106.2181117,39.9599739
2017-08-29 19:01:03,-106.2181242,39.9599651
2017-08-29 19:01:03,-106.218137,39.959956
2017-08-29 19:01:03,-106.2181504,39.9599467
2017-08-29 19:01:04,-106.2181642,39.9599372
2017-08-29 19:01:04,-106.2181782,39.9599276
2017-08-29 19:01:04,-106.2181925,39.9599178
2017-08-29 19:01:04,-106.2182072,39.9599079
2017-08-29 19:01:04,-106.2182221,39.9598977
2017-08-29 19:01:05,-106.2182373,39.9598875
2017-08-29 19:01:05,-106.2182525,39.9598771
2017-08-29 19:01:05,-106.218268,39.9598667
2017-08-29 19:01:05,-106.2182835,39.9598562
2017-08-29 19:01:05,-106.218299,39.9598456
2017-08-29 19:01:06,-106.2183148,39.9598351
2017-08-29 19:01:06,-106.2183306,39.9598243
2017-08-29 19:01:06,-106.2183464,39.9598136
2017-08-29 19:01:06,-106.2183623,39.9598028
2017-08-29 19:01:06,-106.2183781,39.959792
2017-08-29 19:01:07,-106.2183939,39.9597813
2017-08-29 19:01:07,-106.2184098,39.9597705
2017-08-29 19:01:07,-106.2184257,39.9597598
2017-08-29 19:01:07,-106.2184415,39.959749
2017-08-29 19:01:07,-106.2184573,39.9597382
2017-08-29 19:01:08,-106.2184733,39.9597275
2017-08-29 19:01:08,-106.2184893,39.9597167
2017-08-29 19:01:08,-106.2185052,39.959706
2017-08-29 19:01:08,-106.2185211,39.9596952
2017-08-29 19:01:08,-106.2185371,39.9596845
2017-08-29 19:01:09,-106.2185531,39.9596737
2017-08-29 19:01:09,-106.2185691,39.959663
2017-08-29 19:01:09,-106.218585,39.9596522
2017-08-29 19:01:09,-106.218601,39.9596415
2017-08-29 19:01:09,-106.218617,39.9596311
2017-08-29 19:01:10,-106.2186317,39.9596211
2017-08-29 19:01:10,-106.2186455,39.959612
2017-08-29 19:01:10,-106.2186581,39.9596036
2017-08-29 19:01:10,-106.2186696,39.9595959
2017-08-29 19:01:10,-106.21868,39.959589
2017-08-29 19:01:11,-106.218689,39.9595828
2017-08-29 19:01:11,-106.2186968,39.9595774
2017-08-29 19:01:11,-106.2187034,39.9595728
2017-08-29 19:01:11,-106.2187086,39.959569
2017-08-29 19:01:11,-106.2187127,39.9595658
2017-08-29 19:01:12,-106.2187159,39.9595632
2017-08-29 19:01:12,-106.2187182,39.9595613
2017-08-29 19:01:12,-106.2187196,39.95956
2017-08-29 19:01:12,-106.2187204,39.9595592
2017-08-29 19:01:12,-106.2187208,39.9595588
2017-08-29 19:01:13,-106.2187213,39.9595584
2017-08-29 19:01:13,-106.2187228,39.9595574
2017-08-29 19:01:13,-106.2187255,39.9595555
2017-08-29 19:01:13,-106.2187293,39.9595529
2017-08-29 19:01:13,-106.2187333,39.9595502
2017-08-29 19:01:14,-106.2187362,39.9595481
2017-08-29 19:01:14,-106.2187381,39.9595468
2017-08-29 19:01:14,-106.2187391,39.959546
2017-08-29 19:01:14,-106.2187397,39.9595457
2017-08-29 19:01:14,-106.2187401,39.9595454
2017-08-29 19:01:15,-106.2187404,39.9595453
2017-08-29 19:01:15,-106.2187407,39.9595453
2017-08-29 19:01:15,-106.2187408,39.9595454
2017-08-29 19:01:15,-106.2187408,39.9595454
2017-08-29 19:01:15,-106.2187408,39.9595456
2017-08-29 19:01:16,-106.2187407,39.9595457
2017-08-29 19:01:16,-106.2187406,39.9595459
2017-08-29 19:01:16,-106.2187405,39.9595461
2017-08-29 19:01:16,-106.2187402,39.9595462
2017-08-29 19:01:16,-106.21874,39.9595463
2017-08-29 19:01:17,-106.2187398,39.9595463
2017-08-29 19:01:17,-106.2187395,39.9595464
2017-08-29 19:01:17,-106.2187394,39.9595465
2017-08-29 19:01:17,-106.2187392,39.9595466
2017-08-29 19:01:17,-106.218739,39.9595467
2017-08-29 19:01:18,-106.2187389,39.9595468
2017-08-29 19:01:18,-106.2187388,39.9595469
2017-08-29 19:01:18,-106.2187387,39.959547
2017-08-29 19:01:18,-106.2187386,39.9595471
2017-08-29 19:01:18,-106.2187386,39.9595472
2017-08-29 19:01:19,-106.2187385,39.9595473
2017-08-29 19:01:19,-106.2187385,39.9595474
2017-08-29 19:01:19,-106.2187385,39.9595474
2017-08-29 19:01:19,-106.2187386,39.9595474
2017-08-29 19:01:19,-106.2187387,39.9595473
2017-08-29 19:01:20,-106.2187386,39.9595471
2017-08-29 19:01:20,-106.2187389,39.959547
2017-08-29 19:01:20,-106.218739,39.959547
2017-08-29 19:01:20,-106.2187388,39.959547
2017-08-29 19:01:20,-106.2187385,39.9595471
2017-08-29 19:01:21,-106.2187383,39.9595472
2017-08-29 19:01:21,-106.2187382,39.9595473
2017-08-29 19:01:21,-106.218738,39.9595473
2017-08-29 19:01:21,-106.2187378,39.9595474
2017-08-29 19:01:21,-106.2187377,39.9595474
2017-08-29 19:01:22,-106.2187375,39.9595474
2017-08-29 19:01:22,-106.2187374,39.9595475
2017-08-29 19:01:22,-106.2187374,39.9595476
2017-08-29 19:01:22,-106.2187373,39.9595476
2017-08-29 19:01:22,-106.2187373,39.9595476
2017-08-29 19:01:23,-106.2187377,39.9595472
2017-08-29 19:01:23,-106.2187388,39.9595465
2017-08-29 19:01:23,-106.2187407,39.9595452
2017-08-29 19:01:23,-106.2187433,39.9595433
2017-08-29 19:01:23,-106.2187469,39.9595407
2017-08-29 19:01:24,-106.2187514,39.9595374
2017-08-29 19:01:24,-106.2187567,39.9595334
2017-08-29 19:01:24,-106.2187625,39.9595291
2017-08-29 19:01:24,-106.2187688,39.9595244
2017-08-29 19:01:24,-106.2187757,39.9595193
2017-08-29 19:01:25,-106.2187832,39.9595137
2017-08-29 19:01:25,-106.2187911,39.9595079
2017-08-29 19:01:25,-106.2187996,39.9595016
2017-08-29 19:01:25,-106.2188085,39.959495
2017-08-29 19:01:25,-106.2188179,39.959488
2017-08-29 19:01:26,-106.2188279,39.9594807
2017-08-29 19:01:26,-106.2188382,39.9594731
2017-08-29 19:01:26,-106.2188491,39.9594651
2017-08-29 19:01:26,-106.2188603,39.9594569
2017-08-29 19:01:26,-106.2188721,39.9594483
2017-08-29 19:01:27,-106.2188842,39.9594394
2017-08-29 19:01:27,-106.2188968,39.9594302
2017-08-29 19:01:27,-106.2189097,39.9594207
2017-08-29 19:01:27,-106.2189231,39.959411
2017-08-29 19:01:27,-106.2189368,39.9594011
2017-08-29 19:01:28,-106.2189509,39.9593909
2017-08-29 19:01:28,-106.2189652,39.9593805
2017-08-29 19:01:28,-106.21898,39.9593701
2017-08-29 19:01:28,-106.218995,39.9593596
2017-08-29 19:01:28,-106.2190103,39.959349
2017-08-29 19:01:29,-106.2190259,39.9593383
2017-08-29 19:01:29,-106.2190416,39.9593275
2017-08-29 19:01:29,-106.2190575,39.9593167
2017-08-29 19:01:29,-106.2190735,39.9593057
2017-08-29 19:01:29,-106.2190896,39.9592947
2017-08-29 19:01:30,-106.2191058,39.9592836
2017-08-29 19:01:30,-106.2191221,39.9592725
2017-08-29 19:01:30,-106.2191384,39.9592615
2017-08-29 19:01:30,-106.2191547,39.9592505
2017-08-29 19:01:30,-106.2191709,39.9592395
2017-08-29 19:01:31,-106.2191872,39.9592286
2017-08-29 19:01:31,-106.2192033,39.9592176
2017-08-29 19:01:31,-106.2192193,39.9592066
2017-08-29 19:01:31,-106.2192352,39.9591957
2017-08-29 19:01:31,-106.2192511,39.9591847
2017-08-29 19:01:32,-106.2192669,39.9591739
2017-08-29 19:01:32,-106.2192825,39.9591632
2017-08-29 19:01:32,-106.219298,39.9591526
2017-08-29 19:01:32,-106.2193133,39.9591421
2017-08-29 19:01:32,-106.2193285,39.9591316
2017-08-29 19:01:33,-106.2193435,39.9591212
2017-08-29 19:01:33,-106.2193584,39.9591107
2017-08-29 19:01:33,-106.2193731,39.9591003
2017-08-29 19:01:33,-106.2193877,39.9590899
2017-08-29 19:01:33,-106.2194024,39.9590797
2017-08-29 19:01:34,-106.2194171,39.9590696
2017-08-29 19:01:34,-106.2194314,39.9590597
2017-08-29 19:01:34,-106.2194438,39.9590506
2017-08-29 19:01:34,-106.2194551,39.9590426
2017-08-29 19:01:34,-106.2194647,39.9590355
2017-08-29 19:01:35,-106.2194727,39.9590295
2017-08-29 19:01:35,-106.2194794,39.9590245
2017-08-29 19:01:35,-106.2194847,39.9590204
2017-08-29 19:01:35,-106.2194886,39.9590173
2017-08-29 19:01:35,-106.2194912,39.9590151
2017-08-29 19:01:36,-106.2194927,39.9590137
2017-08-29 19:01:36,-106.2194938,39.9590129
2017-08-29 19:01:36,-106.2194947,39.9590122
2017-08-29 19:01:36,-106.2194954,39.9590118
2017-08-29 19:01:36,-106.219496,39.9590113
2017-08-29 19:01:37,-106.2194965,39.9590111
2017-08-29 19:01:37,-106.2194968,39.9590109
2017-08-29 19:01:37,-106.2194969,39.9590109
2017-08-29 19:01:37,-106.2194971,39.9590109
2017-08-29 19:01:37,-106.219497,39.959011
2017-08-29 19:01:38,-106.2194967,39.9590112
2017-08-29 19:01:38,-106.2194963,39.9590113
2017-08-29 19:01:38,-106.219496,39.9590115
2017-08-29 19:01:38,-106.2194956,39.9590118
2017-08-29 19:01:38,-106.2194951,39.9590121
2017-08-29 19:01:39,-106.2194947,39.9590125
2017-08-29 19:01:39,-106.2194944,39.9590128
2017-08-29 19:01:39,-106.2194943,39.9590132
2017-08-29 19:01:39,-106.2194943,39.9590134
2017-08-29 19:01:39,-106.2194941,39.9590135
2017-08-29 19:01:40,-106.219494,39.9590137
2017-08-29 19:01:40,-106.219494,39.9590138
2017-08-29 19:01:40,-106.2194939,39.9590138
2017-08-29 19:01:40,-106.2194938,39.9590139
2017-08-29 19:01:40,-106.2194937,39.9590139
2017-08-29 19:01:41,-106.2194936,39.959014
2017-08-29 19:01:41,-106.2194936,39.959014
2017-08-29 19:01:41,-106.2194935,39.9590141
2017-08-29 19:01:41,-106.2194935,39.9590141
2017-08-29 19:01:41,-106.2194934,39.9590141
2017-08-29 19:01:42,-106.2194933,39.9590141
2017-08-29 19:01:42,-106.2194933,39.959014
2017-08-29 19:01:42,-106.2194933,39.9590139
2017-08-29 19:01:42,-106.2194933,39.9590138
2017-08-29 19:01:42,-106.2194933,39.9590137
2017-08-29 19:01:43,-106.2194934,39.9590135
2017-08-29 19:01:43,-106.2194934,39.9590134
2017-08-29 19:01:43,-106.2194935,39.9590134
2017-08-29 19:01:43,-106.2194937,39.9590133
2017-08-29 19:01:43,-106.2194939,39.9590132
2017-08-29 19:01:44,-106.2194943,39.959013
2017-08-29 19:01:44,-106.2194946,39.9590128
2017-08-29 19:01:44,-106.2194949,39.9590127
2017-08-29 19:01:44,-106.2194951,39.9590127
2017-08-29 19:01:44,-106.2194953,39.9590127
2017-08-29 19:01:45,-106.2194953,39.9590127
2017-08-29 19:01:45,-106.2194955,39.9590128
2017-08-29 19:01:45,-106.2194956,39.9590128
2017-08-29 19:01:45,-106.2194957,39.9590127
2017-08-29 19:01:45,-106.2194958,39.9590127
2017-08-29 19:01:46,-106.2194958,39.9590127
2017-08-29 19:01:46,-106.2194958,39.9590127
2017-08-29 19:01:46,-106.2194958,39.9590126
2017-08-29 19:01:46,-106.2194958,39.9590127
2017-08-29 19:01:46,-106.2194958,39.9590127
2017-08-29 19:01:47,-106.2194957,39.9590128
2017-08-29 19:01:47,-106.2194956,39.9590128
2017-08-29 19:01:47,-106.2194955,39.9590129
2017-08-29 19:01:47,-106.2194954,39.9590129
2017-08-29 19:01:47,-106.2194954,39.9590128
2017-08-29 19:01:48,-106.2194955,39.9590127
2017-08-29 19:01:48,-106.2194956,39.9590127
2017-08-29 19:01:48,-106.2194956,39.9590127
2017-08-29 19:01:48,-106.2194957,39.9590127
2017-08-29 19:01:48,-106.2194958,39.9590128
2017-08-29 19:01:49,-106.2194958,39.9590128
2017-08-29 19:01:49,-106.2194958,39.9590128
2017-08-29 19:01:49,-106.2194959,39.9590129
2017-08-29 19:01:49,-106.2194959,39.9590131
2017-08-29 19:01:49,-106.2194959,39.9590131
2017-08-29 19:01:50,-106.2194959,39.9590131
2017-08-29 19:01:50,-106.219496,39.9590131
2017-08-29 19:01:50,-106.219496,39.9590131
2017-08-29 19:01:50,-106.2194961,39.9590131
2017-08-29 19:01:50,-106.2194962,39.9590131
2017-08-29 19:01:51,-106.2194962,39.9590131
2017-08-29 19:01:51,-106.2194963,39.959013
2017-08-29 19:01:51,-106.2194964,39.959013
2017-08-29 19:01:51,-106.2194965,39.959013
2017-08-29 19:01:51,-106.2194965,39.959013
2017-08-29 19:01:52,-106.2194965,39.959013
2017-08-29 19:01:52,-106.2194964,39.959013
2017-08-29 19:01:52,-106.2194965,39.959013
2017-08-29 19:01:52,-106.2194967,39.9590129
2017-08-29 19:01:52,-106.219497,39.9590129
2017-08-29 19:01:53,-106.2194973,39.9590128
2017-08-29 19:01:53,-106.2194978,39.9590129
2017-08-29 19:01:53,-106.2194985,39.9590132
2017-08-29 19:01:53,-106.2194998,39.9590139
2017-08-29 19:01:53,-106.2195021,39.9590156
2017-08-29 19:01:54,-106.2195056,39.9590183
2017-08-29 19:01:54,-106.21951,39.9590218
2017-08-29 19:01:54,-106.2195149,39.9590258
2017-08-29 19:01:54,-106.2195193,39.9590296
2017-08-29 19:01:54,-106.2195226,39.9590326
2017-08-29 19:01:55,-106.2195248,39.9590349
2017-08-29 19:01:55,-106.2195261,39.9590363
2017-08-29 19:01:55,-106.2195269,39.9590371
2017-08-29 19:01:55,-106.2195275,39.9590375
2017-08-29 19:01:55,-106.2195279,39.9590378
2017-08-29 19:01:56,-106.2195282,39.959038
2017-08-29 19:01:56,-106.2195285,39.9590381
2017-08-29 19:01:56,-106.2195288,39.9590383
2017-08-29 19:01:56,-106.2195291,39.9590384
2017-08-29 19:01:56,-106.2195293,39.9590385
2017-08-29 19:01:57,-106.2195295,39.9590387
2017-08-29 19:01:57,-106.2195296,39.9590388
2017-08-29 19:01:57,-106.2195296,39.9590389
2017-08-29 19:01:57,-106.2195296,39.959039
2017-08-29 19:01:58,-106.2195295,39.9590391
2017-08-29 19:01:58,-106.2195294,39.9590391
2017-08-29 19:01:58,-106.2195291,39.9590391
2017-08-29 19:01:58,-106.2195289,39.9590392
2017-08-29 19:01:58,-106.2195288,39.9590392
2017-08-29 19:01:58,-106.2195286,39.9590393
2017-08-29 19:01:59,-106.2195283,39.9590393
2017-08-29 19:01:59,-106.2195279,39.9590394
2017-08-29 19:01:59,-106.2195276,39.9590394
2017-08-29 19:01:59,-106.2195273,39.9590394
2017-08-29 19:01:59,-106.2195272,39.9590393
2017-08-29 19:02:00,-106.219527,39.9590392
2017-08-29 19:02:00,-106.2195268,39.959039
2017-08-29 19:02:00,-106.2195266,39.9590387
2017-08-29 19:02:00,-106.2195265,39.9590384
2017-08-29 19:02:00,-106.2195264,39.9590382
2017-08-29 19:02:01,-106.2195261,39.959038
2017-08-29 19:02:01,-106.219526,39.9590379
2017-08-29 19:02:01,-106.219526,39.9590378
2017-08-29 19:02:01,-106.2195261,39.9590378
2017-08-29 19:02:01,-106.2195261,39.9590379
2017-08-29 19:02:02,-106.2195262,39.9590378
2017-08-29 19:02:02,-106.2195262,39.9590377
2017-08-29 19:02:02,-106.2195262,39.9590375
2017-08-29 19:02:02,-106.2195261,39.9590372
2017-08-29 19:02:02,-106.219526,39.9590369
2017-08-29 19:02:03,-106.219526,39.9590367
2017-08-29 19:02:03,-106.219526,39.9590365
2017-08-29 19:02:03,-106.2195261,39.9590363
2017-08-29 19:02:03,-106.2195261,39.9590361
2017-08-29 19:02:03,-106.2195262,39.9590359
2017-08-29 19:02:04,-106.2195264,39.9590358
2017-08-29 19:02:04,-106.2195266,39.9590356
2017-08-29 19:02:04,-106.2195267,39.9590354
2017-08-29 19:02:04,-106.2195269,39.9590353
2017-08-29 19:02:04,-106.2195272,39.9590352
2017-08-29 19:02:05,-106.2195274,39.9590352
2017-08-29 19:02:05,-106.2195277,39.9590351
2017-08-29 19:02:05,-106.219528,39.9590351
2017-08-29 19:02:05,-106.2195281,39.9590349
2017-08-29 19:02:05,-106.2195282,39.9590347
2017-08-29 19:02:06,-106.2195283,39.9590345
2017-08-29 19:02:06,-106.2195284,39.9590344
2017-08-29 19:02:06,-106.2195284,39.9590343
2017-08-29 19:02:06,-106.2195284,39.9590342
2017-08-29 19:02:06,-106.2195284,39.959034
2017-08-29 19:02:07,-106.2195285,39.9590337
2017-08-29 19:02:07,-106.2195285,39.9590335
2017-08-29 19:02:07,-106.2195286,39.9590333
2017-08-29 19:02:07,-106.2195287,39.9590332
2017-08-29 19:02:07,-106.2195287,39.9590331
2017-08-29 19:02:08,-106.2195286,39.9590331
2017-08-29 19:02:08,-106.2195286,39.959033
2017-08-29 19:02:08,-106.2195287,39.9590329
2017-08-29 19:02:08,-106.2195287,39.9590328
2017-08-29 19:02:08,-106.2195288,39.9590328
2017-08-29 19:02:09,-106.2195289,39.9590327
2017-08-29 19:02:09,-106.2195291,39.9590327
2017-08-29 19:02:09,-106.2195292,39.9590327
2017-08-29 19:02:09,-106.2195294,39.9590328
2017-08-29 19:02:09,-106.2195296,39.9590329
2017-08-29 19:02:10,-106.2195298,39.9590329
2017-08-29 19:02:10,-106.2195299,39.9590329
2017-08-29 19:02:10,-106.2195301,39.9590329
2017-08-29 19:02:10,-106.2195303,39.959033
2017-08-29 19:02:10,-106.2195304,39.959033
2017-08-29 19:02:11,-106.2195304,39.959033
2017-08-29 19:02:11,-106.2195304,39.9590329
2017-08-29 19:02:11,-106.2195304,39.9590328
2017-08-29 19:02:11,-106.2195303,39.9590328
2017-08-29 19:02:11,-106.2195304,39.9590328
2017-08-29 19:02:12,-106.2195305,39.9590328
2017-08-29 19:02:12,-106.2195306,39.9590327
2017-08-29 19:02:12,-106.2195305,39.9590326
2017-08-29 19:02:12,-106.2195305,39.9590325
2017-08-29 19:02:12,-106.2195304,39.9590324
2017-08-29 19:02:13,-106.2195305,39.9590322
2017-08-29 19:02:13,-106.2195305,39.9590321
2017-08-29 19:02:13,-106.2195307,39.9590319
2017-08-29 19:02:13,-106.2195309,39.9590317
2017-08-29 19:02:13,-106.2195311,39.9590314
2017-08-29 19:02:14,-106.2195311,39.9590312
2017-08-29 19:02:14,-106.2195312,39.9590311
2017-08-29 19:02:14,-106.2195312,39.959031
2017-08-29 19:02:14,-106.2195312,39.959031
2017-08-29 19:02:14,-106.2195312,39.959031
2017-08-29 19:02:15,-106.2195312,39.959031
2017-08-29 19:02:15,-106.2195311,39.959031
2017-08-29 19:02:15,-106.2195311,39.959031
2017-08-29 19:02:15,-106.2195311,39.959031
2017-08-29 19:02:15,-106.2195311,39.9590311
2017-08-29 19:02:16,-106.2195311,39.9590311
2017-08-29 19:02:16,-106.219531,39.9590311
2017-08-29 19:02:16,-106.2195309,39.9590311
2017-08-29 19:02:16,-106.2195309,39.959031
2017-08-29 19:02:16,-106.2195308,39.959031
2017-08-29 19:02:17,-106.2195308,39.959031
2017-08-29 19:02:17,-106.2195308,39.959031
2017-08-29 19:02:17,-106.2195307,39.959031
2017-08-29 19:02:17,-106.2195305,39.959031
2017-08-29 19:02:17,-106.2195304,39.9590311
2017-08-29 19:02:18,-106.2195303,39.9590311
2017-08-29 19:02:18,-106.2195302,39.9590311
2017-08-29 19:02:18,-106.2195301,39.9590311
2017-08-29 19:02:18,-106.2195302,39.9590311
2017-08-29 19:02:18,-106.2195301,39.9590311
2017-08-29 19:02:19,-106.2195301,39.9590311
2017-08-29 19:02:19,-106.2195302,39.9590311
2017-08-29 19:02:19,-106.2195302,39.9590311
2017-08-29 19:02:19,-106.2195302,39.959031
2017-08-29 19:02:19,-106.2195303,39.959031
2017-08-29 19:02:20,-106.2195303,39.959031
2017-08-29 19:02:20,-106.2195304,39.9590309
2017-08-29 19:02:20,-106.2195305,39.9590309
2017-08-29 19:02:20,-106.2195306,39.9590309
2017-08-29 19:02:20,-106.2195307,39.9590309
2017-08-29 19:02:21,-106.2195309,39.959031
2017-08-29 19:02:21,-106.2195311,39.959031
2017-08-29 19:02:21,-106.2195311,39.9590311
2017-08-29 19:02:21,-106.2195312,39.9590312
2017-08-29 19:02:21,-106.2195312,39.9590313
2017-08-29 19:02:22,-106.2195312,39.9590313
2017-08-29 19:02:22,-106.2195313,39.9590314
2017-08-29 19:02:22,-106.2195313,39.9590314
2017-08-29 19:02:22,-106.2195314,39.9590314
2017-08-29 19:02:22,-106.2195315,39.9590314
2017-08-29 19:02:23,-106.2195315,39.9590313
2017-08-29 19:02:23,-106.2195316,39.9590313
2017-08-29 19:02:23,-106.2195316,39.9590312
2017-08-29 19:02:23,-106.2195317,39.9590312
2017-08-29 19:02:23,-106.2195317,39.9590313
2017-08-29 19:02:24,-106.2195318,39.9590313
2017-08-29 19:02:24,-106.2195319,39.9590313
2017-08-29 19:02:24,-106.2195319,39.9590314
2017-08-29 19:02:24,-106.2195319,39.9590314
2017-08-29 19:02:24,-106.2195319,39.9590313
2017-08-29 19:02:25,-106.2195319,39.9590313
2017-08-29 19:02:25,-106.2195319,39.9590312
2017-08-29 19:02:25,-106.2195319,39.9590312
2017-08-29 19:02:25,-106.2195319,39.9590311
2017-08-29 19:02:25,-106.219532,39.959031
2017-08-29 19:02:26,-106.2195321,39.959031
2017-08-29 19:02:26,-106.2195322,39.9590311
2017-08-29 19:02:26,-106.2195322,39.9590311
2017-08-29 19:02:26,-106.2195323,39.9590312
2017-08-29 19:02:26,-106.2195323,39.9590313
2017-08-29 19:02:27,-106.2195324,39.9590314
2017-08-29 19:02:27,-106.2195325,39.9590315
2017-08-29 19:02:27,-106.2195326,39.9590315
2017-08-29 19:02:27,-106.2195326,39.9590316
2017-08-29 19:02:27,-106.2195326,39.9590316
2017-08-29 19:02:28,-106.2195326,39.9590315
2017-08-29 19:02:28,-106.2195326,39.9590314
2017-08-29 19:02:28,-106.2195326,39.9590313
2017-08-29 19:02:28,-106.2195325,39.9590312
2017-08-29 19:02:28,-106.2195326,39.9590312
2017-08-29 19:02:29,-106.2195326,39.9590311
2017-08-29 19:02:29,-106.2195326,39.9590311
2017-08-29 19:02:29,-106.2195327,39.9590312
2017-08-29 19:02:29,-106.2195327,39.9590313
2017-08-29 19:02:29,-106.2195327,39.9590313
2017-08-29 19:02:30,-106.2195327,39.9590314
2017-08-29 19:02:30,-106.2195326,39.9590314
2017-08-29 19:02:30,-106.2195326,39.9590314
2017-08-29 19:02:30,-106.2195325,39.9590314
2017-08-29 19:02:30,-106.2195324,39.9590314
2017-08-29 19:02:31,-106.2195323,39.9590313
2017-08-29 19:02:31,-106.2195322,39.9590313
2017-08-29 19:02:31,-106.2195322,39.9590312
2017-08-29 19:02:31,-106.2195322,39.9590313
2017-08-29 19:02:31,-106.2195322,39.9590313
2017-08-29 19:02:32,-106.2195323,39.9590313
2017-08-29 19:02:32,-106.2195323,39.9590313
2017-08-29 19:02:32,-106.2195324,39.9590313
2017-08-29 19:02:32,-106.2195324,39.9590313
2017-08-29 19:02:32,-106.2195324,39.9590313
2017-08-29 19:02:33,-106.2195323,39.9590312
2017-08-29 19:02:33,-106.2195323,39.9590313
2017-08-29 19:02:33,-106.2195323,39.9590312
2017-08-29 19:02:33,-106.2195323,39.9590312
2017-08-29 19:02:33,-106.2195322,39.9590312
2017-08-29 19:02:34,-106.2195321,39.9590311
2017-08-29 19:02:34,-106.2195319,39.9590311
2017-08-29 19:02:34,-106.2195318,39.9590312
2017-08-29 19:02:34,-106.2195317,39.9590312
2017-08-29 19:02:34,-106.2195316,39.9590312
2017-08-29 19:02:35,-106.2195316,39.9590312
2017-08-29 19:02:35,-106.2195317,39.9590312
2017-08-29 19:02:35,-106.2195318,39.9590312
2017-08-29 19:02:35,-106.2195317,39.9590312
2017-08-29 19:02:35,-106.2195313,39.9590314
2017-08-29 19:02:36,-106.2195304,39.959032
2017-08-29 19:02:36,-106.2195287,39.959033
2017-08-29 19:02:36,-106.2195264,39.9590345
2017-08-29 19:02:36,-106.2195233,39.9590366
2017-08-29 19:02:36,-106.2195195,39.9590392
2017-08-29 19:02:37,-106.2195148,39.9590423
2017-08-29 19:02:37,-106.2195094,39.9590459
2017-08-29 19:02:37,-106.2195032,39.95905
2017-08-29 19:02:37,-106.2194963,39.9590546
2017-08-29 19:02:37,-106.2194886,39.9590598
2017-08-29 19:02:38,-106.2194802,39.9590654
2017-08-29 19:02:38,-106.2194709,39.9590717
2017-08-29 19:02:38,-106.219461,39.9590785
2017-08-29 19:02:38,-106.2194504,39.9590859
2017-08-29 19:02:38,-106.2194391,39.9590937
2017-08-29 19:02:39,-106.2194271,39.9591021
2017-08-29 19:02:39,-106.2194145,39.959111
2017-08-29 19:02:39,-106.219401,39.9591205
2017-08-29 19:02:39,-106.2193869,39.9591304
2017-08-29 19:02:39,-106.219372,39.9591409
2017-08-29 19:02:40,-106.2193564,39.9591517
2017-08-29 19:02:40,-106.2193399,39.9591631
2017-08-29 19:02:40,-106.2193227,39.959175
2017-08-29 19:02:40,-106.2193051,39.9591872
2017-08-29 19:02:40,-106.2192874,39.9591997
2017-08-29 19:02:41,-106.2192695,39.9592123
2017-08-29 19:02:41,-106.2192517,39.9592249
2017-08-29 19:02:41,-106.2192335,39.9592376
2017-08-29 19:02:41,-106.2192153,39.9592504
2017-08-29 19:02:41,-106.2191972,39.9592632
2017-08-29 19:02:42,-106.219179,39.9592759
2017-08-29 19:02:42,-106.2191607,39.9592888
2017-08-29 19:02:42,-106.2191425,39.9593015
2017-08-29 19:02:42,-106.2191243,39.9593144
2017-08-29 19:02:42,-106.2191061,39.9593271
2017-08-29 19:02:43,-106.219088,39.9593398
2017-08-29 19:02:43,-106.21907,39.9593524
2017-08-29 19:02:43,-106.219052,39.959365
2017-08-29 19:02:43,-106.2190341,39.9593777
2017-08-29 19:02:43,-106.2190163,39.9593901
2017-08-29 19:02:44,-106.2189987,39.9594026
2017-08-29 19:02:44,-106.2189811,39.9594151
2017-08-29 19:02:44,-106.2189635,39.9594274
2017-08-29 19:02:44,-106.218946,39.9594396
2017-08-29 19:02:44,-106.2189285,39.9594519
2017-08-29 19:02:45,-106.2189111,39.959464
2017-08-29 19:02:45,-106.2188937,39.9594761
2017-08-29 19:02:45,-106.2188765,39.9594882
2017-08-29 19:02:45,-106.2188592,39.9595003
2017-08-29 19:02:45,-106.2188421,39.9595123
2017-08-29 19:02:46,-106.2188249,39.9595242
2017-08-29 19:02:46,-106.2188078,39.9595362
2017-08-29 19:02:46,-106.2187907,39.9595481
2017-08-29 19:02:46,-106.2187736,39.9595599
2017-08-29 19:02:46,-106.2187565,39.9595718
2017-08-29 19:02:47,-106.2187394,39.9595837
2017-08-29 19:02:47,-106.2187222,39.9595956
2017-08-29 19:02:47,-106.2187052,39.9596075
2017-08-29 19:02:47,-106.218688,39.9596194
2017-08-29 19:02:47,-106.218671,39.9596314
2017-08-29 19:02:48,-106.218654,39.9596432
2017-08-29 19:02:48,-106.2186371,39.959655
2017-08-29 19:02:48,-106.2186202,39.9596668
2017-08-29 19:02:48,-106.2186031,39.9596786
2017-08-29 19:02:48,-106.218586,39.9596904
2017-08-29 19:02:49,-106.2185689,39.9597022
2017-08-29 19:02:49,-106.2185516,39.9597141
2017-08-29 19:02:49,-106.2185344,39.959726
2017-08-29 19:02:49,-106.218517,39.9597379
2017-08-29 19:02:49,-106.2184997,39.9597498
2017-08-29 19:02:50,-106.2184824,39.9597618
2017-08-29 19:02:50,-106.2184652,39.9597738
2017-08-29 19:02:50,-106.2184482,39.9597857
2017-08-29 19:02:50,-106.2184309,39.9597978
2017-08-29 19:02:50,-106.2184137,39.9598098
2017-08-29 19:02:51,-106.2183965,39.9598219
2017-08-29 19:02:51,-106.2183793,39.9598339
2017-08-29 19:02:51,-106.2183621,39.959846
2017-08-29 19:02:51,-106.2183451,39.9598579
2017-08-29 19:02:51,-106.218328,39.9598699
2017-08-29 19:02:52,-106.218311,39.9598818
2017-08-29 19:02:52,-106.2182939,39.9598936
2017-08-29 19:02:52,-106.2182767,39.9599054
2017-08-29 19:02:52,-106.2182595,39.9599174
2017-08-29 19:02:52,-106.2182423,39.9599294
2017-08-29 19:02:53,-106.2182252,39.9599414
2017-08-29 19:02:53,-106.218208,39.9599535
2017-08-29 19:02:53,-106.2181908,39.9599654
2017-08-29 19:02:53,-106.2181736,39.9599772
2017-08-29 19:02:53,-106.2181563,39.9599892
2017-08-29 19:02:54,-106.218139,39.9600013
2017-08-29 19:02:54,-106.2181218,39.9600135
2017-08-29 19:02:54,-106.2181045,39.9600258
2017-08-29 19:02:54,-106.2180871,39.960038
2017-08-29 19:02:54,-106.2180698,39.9600503
2017-08-29 19:02:55,-106.2180524,39.9600627
2017-08-29 19:02:55,-106.218035,39.9600749
2017-08-29 19:02:55,-106.2180176,39.9600871
2017-08-29 19:02:55,-106.2180003,39.9600991
2017-08-29 19:02:55,-106.2179829,39.9601111
2017-08-29 19:02:56,-106.2179656,39.9601231
2017-08-29 19:02:56,-106.2179482,39.9601351
2017-08-29 19:02:56,-106.2179309,39.9601471
2017-08-29 19:02:56,-106.2179136,39.9601591
2017-08-29 19:02:56,-106.2178964,39.9601711
2017-08-29 19:02:57,-106.217879,39.9601831
2017-08-29 19:02:57,-106.2178617,39.9601951
2017-08-29 19:02:57,-106.2178444,39.9602071
2017-08-29 19:02:57,-106.2178273,39.9602191
2017-08-29 19:02:57,-106.2178101,39.9602311
2017-08-29 19:02:58,-106.217793,39.9602431
2017-08-29 19:02:58,-106.2177757,39.9602552
2017-08-29 19:02:58,-106.2177583,39.9602673
2017-08-29 19:02:58,-106.217741,39.9602794
2017-08-29 19:02:58,-106.2177236,39.9602915
2017-08-29 19:02:59,-106.2177063,39.9603037
2017-08-29 19:02:59,-106.2176888,39.9603159
2017-08-29 19:02:59,-106.2176714,39.9603281
2017-08-29 19:02:59,-106.2176541,39.9603402
2017-08-29 19:02:59,-106.2176367,39.9603523
2017-08-29 19:03:00,-106.2176195,39.9603645
2017-08-29 19:03:00,-106.2176022,39.9603765
2017-08-29 19:03:00,-106.2175849,39.9603886
2017-08-29 19:03:00,-106.2175677,39.9604007
2017-08-29 19:03:00,-106.2175504,39.9604128
2017-08-29 19:03:01,-106.217533,39.9604249
2017-08-29 19:03:01,-106.2175158,39.960437
2017-08-29 19:03:01,-106.2174985,39.9604491
2017-08-29 19:03:01,-106.2174812,39.9604612
2017-08-29 19:03:01,-106.2174639,39.9604733
2017-08-29 19:03:02,-106.2174466,39.9604854
2017-08-29 19:03:02,-106.2174293,39.9604975
2017-08-29 19:03:02,-106.217412,39.9605097
2017-08-29 19:03:02,-106.2173947,39.9605218
2017-08-29 19:03:02,-106.2173773,39.960534
2017-08-29 19:03:03,-106.2173599,39.9605461
2017-08-29 19:03:03,-106.2173426,39.9605582
2017-08-29 19:03:03,-106.2173251,39.9605703
2017-08-29 19:03:03,-106.2173078,39.9605824
2017-08-29 19:03:03,-106.2172904,39.9605945
2017-08-29 19:03:04,-106.2172731,39.9606066
2017-08-29 19:03:04,-106.2172556,39.9606187
2017-08-29 19:03:04,-106.2172383,39.9606309
2017-08-29 19:03:04,-106.2172209,39.960643
2017-08-29 19:03:04,-106.2172036,39.9606551
2017-08-29 19:03:05,-106.2171861,39.9606672
2017-08-29 19:03:05,-106.2171688,39.9606793
2017-08-29 19:03:05,-106.2171514,39.9606913
2017-08-29 19:03:05,-106.2171341,39.9607034
2017-08-29 19:03:05,-106.2171167,39.9607154
2017-08-29 19:03:06,-106.2170994,39.9607275
2017-08-29 19:03:06,-106.217082,39.9607396
2017-08-29 19:03:06,-106.2170647,39.9607516
2017-08-29 19:03:06,-106.2170474,39.9607637
2017-08-29 19:03:06,-106.2170301,39.9607758
2017-08-29 19:03:07,-106.2170128,39.9607879
2017-08-29 19:03:07,-106.2169956,39.9607999
2017-08-29 19:03:07,-106.2169783,39.960812
2017-08-29 19:03:07,-106.2169609,39.9608241
2017-08-29 19:03:07,-106.2169436,39.9608362
2017-08-29 19:03:08,-106.2169262,39.9608484
2017-08-29 19:03:08,-106.2169087,39.9608604
2017-08-29 19:03:08,-106.2168914,39.9608725
2017-08-29 19:03:08,-106.216874,39.9608846
2017-08-29 19:03:08,-106.2168567,39.9608966
2017-08-29 19:03:09,-106.2168393,39.9609087
2017-08-29 19:03:09,-106.216822,39.9609209
2017-08-29 19:03:09,-106.2168046,39.960933
2017-08-29 19:03:09,-106.2167872,39.9609451
2017-08-29 19:03:09,-106.2167699,39.9609573
2017-08-29 19:03:10,-106.2167524,39.9609695
2017-08-29 19:03:10,-106.216735,39.9609817
2017-08-29 19:03:10,-106.2167175,39.9609938
2017-08-29 19:03:10,-106.2167002,39.9610059
2017-08-29 19:03:10,-106.2166827,39.961018
2017-08-29 19:03:11,-106.2166653,39.9610301
2017-08-29 19:03:11,-106.216648,39.9610422
2017-08-29 19:03:11,-106.2166306,39.9610544
2017-08-29 19:03:11,-106.2166133,39.9610666
2017-08-29 19:03:11,-106.2165961,39.9610786
2017-08-29 19:03:12,-106.2165791,39.9610905
2017-08-29 19:03:12,-106.2165626,39.961102
2017-08-29 19:03:12,-106.2165468,39.961113
2017-08-29 19:03:12,-106.2165318,39.9611236
2017-08-29 19:03:12,-106.2165175,39.9611336
2017-08-29 19:03:13,-106.2165039,39.9611431
2017-08-29 19:03:13,-106.2164911,39.961152
2017-08-29 19:03:13,-106.2164792,39.9611603
2017-08-29 19:03:13,-106.2164679,39.961168
2017-08-29 19:03:13,-106.2164574,39.9611752
2017-08-29 19:03:14,-106.2164476,39.9611819
2017-08-29 19:03:14,-106.2164386,39.9611881
2017-08-29 19:03:14,-106.2164304,39.9611938
2017-08-29 19:03:14,-106.2164231,39.9611989
2017-08-29 19:03:14,-106.2164173,39.961203
2017-08-29 19:03:15,-106.2164129,39.9612061
2017-08-29 19:03:15,-106.2164098,39.9612084
2017-08-29 19:03:15,-106.2164077,39.9612099
2017-08-29 19:03:15,-106.2164063,39.9612111
2017-08-29 19:03:15,-106.2164053,39.9612119
2017-08-29 19:03:16,-106.2164044,39.9612126
2017-08-29 19:03:16,-106.2164036,39.9612132
2017-08-29 19:03:16,-106.2164028,39.9612139
2017-08-29 19:03:16,-106.216402,39.9612145
2017-08-29 19:03:16,-106.2164014,39.961215
2017-08-29 19:03:17,-106.2164011,39.9612154
2017-08-29 19:03:17,-106.2164009,39.9612156
2017-08-29 19:03:17,-106.216401,39.9612157
2017-08-29 19:03:17,-106.2164011,39.9612156
2017-08-29 19:03:17,-106.2164012,39.9612155
2017-08-29 19:03:18,-106.2164014,39.9612154
2017-08-29 19:03:18,-106.2164016,39.9612153
2017-08-29 19:03:18,-106.2164018,39.9612152
2017-08-29 19:03:18,-106.2164019,39.961215
2017-08-29 19:03:18,-106.216402,39.9612149
2017-08-29 19:03:19,-106.2164021,39.9612148
2017-08-29 19:03:19,-106.2164021,39.9612147
2017-08-29 19:03:19,-106.2164021,39.9612146
2017-08-29 19:03:19,-106.2164025,39.9612143
2017-08-29 19:03:19,-106.216403,39.9612139
2017-08-29 19:03:20,-106.2164036,39.9612135
2017-08-29 19:03:20,-106.2164041,39.9612131
2017-08-29 19:03:20,-106.2164046,39.9612128
2017-08-29 19:03:20,-106.2164049,39.9612126
2017-08-29 19:03:20,-106.2164053,39.9612124
2017-08-29 19:03:21,-106.2164056,39.9612123
2017-08-29 19:03:21,-106.2164058,39.9612122
2017-08-29 19:03:21,-106.2164059,39.961212
2017-08-29 19:03:21,-106.216406,39.9612119
2017-08-29 19:03:21,-106.2164061,39.9612118
2017-08-29 19:03:22,-106.2164062,39.9612118
2017-08-29 19:03:22,-106.2164063,39.9612118
2017-08-29 19:03:22,-106.2164063,39.9612118
2017-08-29 19:03:22,-106.2164063,39.9612118
2017-08-29 19:03:22,-106.2164064,39.9612118
2017-08-29 19:03:23,-106.2164063,39.9612119
2017-08-29 19:03:23,-106.2164062,39.9612119
2017-08-29 19:03:23,-106.2164061,39.9612119
2017-08-29 19:03:23,-106.216406,39.961212
2017-08-29 19:03:23,-106.2164058,39.961212
2017-08-29 19:03:24,-106.2164057,39.961212
2017-08-29 19:03:24,-106.2164056,39.9612122
2017-08-29 19:03:24,-106.2164056,39.9612122
2017-08-29 19:03:24,-106.2164055,39.9612123
2017-08-29 19:03:24,-106.2164054,39.9612124
2017-08-29 19:03:25,-106.2164055,39.9612125
2017-08-29 19:03:25,-106.2164056,39.9612125
2017-08-29 19:03:25,-106.2164057,39.9612125
2017-08-29 19:03:25,-106.2164058,39.9612127
2017-08-29 19:03:25,-106.2164059,39.9612128
2017-08-29 19:03:26,-106.2164058,39.9612128
2017-08-29 19:03:26,-106.2164059,39.9612129
2017-08-29 19:03:26,-106.2164058,39.961213
2017-08-29 19:03:26,-106.2164057,39.9612131
2017-08-29 19:03:26,-106.2164056,39.9612133
2017-08-29 19:03:27,-106.2164055,39.9612134
2017-08-29 19:03:27,-106.2164054,39.9612136
2017-08-29 19:03:27,-106.2164053,39.9612136
2017-08-29 19:03:27,-106.2164053,39.9612137
2017-08-29 19:03:27,-106.2164053,39.9612137
2017-08-29 19:03:28,-106.2164052,39.9612137
2017-08-29 19:03:28,-106.2164052,39.9612138
2017-08-29 19:03:28,-106.2164051,39.9612139
2017-08-29 19:03:28,-106.216405,39.9612138
2017-08-29 19:03:28,-106.216405,39.9612137
2017-08-29 19:03:29,-106.2164049,39.9612136
2017-08-29 19:03:29,-106.2164048,39.9612135
2017-08-29 19:03:29,-106.2164047,39.9612135
2017-08-29 19:03:29,-106.2164047,39.9612133
2017-08-29 19:03:29,-106.2164047,39.9612132
2017-08-29 19:03:30,-106.2164047,39.9612132
2017-08-29 19:03:30,-106.2164046,39.9612132
2017-08-29 19:03:30,-106.2164046,39.9612132
2017-08-29 19:03:30,-106.2164045,39.9612133
2017-08-29 19:03:31,-106.2164045,39.9612133
2017-08-29 19:03:31,-106.2164045,39.9612132
2017-08-29 19:03:31,-106.2164045,39.9612133
2017-08-29 19:03:31,-106.2164045,39.9612133
2017-08-29 19:03:31,-106.2164044,39.9612133
2017-08-29 19:03:31,-106.2164044,39.9612134
2017-08-29 19:03:32,-106.2164044,39.9612135
2017-08-29 19:03:32,-106.2164044,39.9612135
2017-08-29 19:03:32,-106.2164044,39.9612135
2017-08-29 19:03:32,-106.2164043,39.9612137
2017-08-29 19:03:32,-106.2164043,39.9612137
2017-08-29 19:03:33,-106.2164043,39.9612139
2017-08-29 19:03:33,-106.2164043,39.9612138
2017-08-29 19:03:33,-106.2164043,39.9612138
2017-08-29 19:03:33,-106.2164042,39.9612138
2017-08-29 19:03:33,-106.2164042,39.9612138
2017-08-29 19:03:34,-106.2164042,39.9612138
2017-08-29 19:03:34,-106.2164042,39.9612139
2017-08-29 19:03:34,-106.2164041,39.9612139
2017-08-29 19:03:34,-106.2164041,39.9612139
2017-08-29 19:03:34,-106.2164042,39.961214
2017-08-29 19:03:35,-106.2164041,39.961214
2017-08-29 19:03:35,-106.2164041,39.9612141
2017-08-29 19:03:35,-106.2164039,39.9612141
2017-08-29 19:03:35,-106.2164039,39.9612141
2017-08-29 19:03:35,-106.2164038,39.9612142
2017-08-29 19:03:36,-106.2164037,39.9612142
2017-08-29 19:03:36,-106.2164037,39.9612143
2017-08-29 19:03:36,-106.2164036,39.9612142
2017-08-29 19:03:36,-106.2164036,39.9612142
2017-08-29 19:03:36,-106.2164036,39.9612142
2017-08-29 19:03:37,-106.2164036,39.9612143
2017-08-29 19:03:37,-106.2164037,39.9612142
2017-08-29 19:03:37,-106.2164037,39.9612144
2017-08-29 19:03:37,-106.2164035,39.9612144
2017-08-29 19:03:37,-106.2164035,39.9612144
2017-08-29 19:03:38,-106.2164035,39.9612145
2017-08-29 19:03:38,-106.2164035,39.9612145
2017-08-29 19:03:38,-106.2164035,39.9612145
2017-08-29 19:03:38,-106.2164034,39.9612145
2017-08-29 19:03:38,-106.2164034,39.9612144
2017-08-29 19:03:39,-106.2164033,39.9612145
2017-08-29 19:03:39,-106.2164034,39.9612145
2017-08-29 19:03:39,-106.2164035,39.9612146
2017-08-29 19:03:39,-106.2164036,39.9612145
2017-08-29 19:03:39,-106.2164036,39.9612145
2017-08-29 19:03:40,-106.2164034,39.9612145
2017-08-29 19:03:40,-106.2164032,39.9612146
2017-08-29 19:03:40,-106.2164031,39.9612146
2017-08-29 19:03:40,-106.2164031,39.9612146
2017-08-29 19:03:40,-106.2164031,39.9612148
2017-08-29 19:03:41,-106.2164029,39.9612149
2017-08-29 19:03:41,-106.216403,39.9612148
2017-08-29 19:03:41,-106.216403,39.9612146
2017-08-29 19:03:41,-106.2164031,39.9612145
2017-08-29 19:03:41,-106.2164032,39.9612144
2017-08-29 19:03:42,-106.2164033,39.9612145
2017-08-29 19:03:42,-106.2164034,39.9612147
2017-08-29 19:03:42,-106.2164032,39.9612148
2017-08-29 19:03:42,-106.216403,39.9612148
2017-08-29 19:03:42,-106.216403,39.9612148
2017-08-29 19:03:43,-106.216403,39.9612146
2017-08-29 19:03:43,-106.2164031,39.9612145
2017-08-29 19:03:43,-106.2164031,39.9612144
2017-08-29 19:03:43,-106.2164029,39.9612144
2017-08-29 19:03:43,-106.2164028,39.9612144
2017-08-29 19:03:44,-106.2164025,39.9612145
2017-08-29 19:03:44,-106.2164025,39.9612145
2017-08-29 19:03:44,-106.2164024,39.9612144
2017-08-29 19:03:44,-106.2164025,39.9612144
2017-08-29 19:03:44,-106.2164025,39.9612143
2017-08-29 19:03:45,-106.2164026,39.9612142
2017-08-29 19:03:45,-106.2164025,39.9612142
2017-08-29 19:03:45,-106.2164026,39.9612142
2017-08-29 19:03:45,-106.2164026,39.9612141
2017-08-29 19:03:45,-106.2164027,39.9612141
2017-08-29 19:03:46,-106.2164028,39.9612141
2017-08-29 19:03:46,-106.2164028,39.961214
2017-08-29 19:03:46,-106.2164028,39.9612141
2017-08-29 19:03:46,-106.2164027,39.961214
2017-08-29 19:03:46,-106.2164027,39.961214
2017-08-29 19:03:47,-106.2164027,39.961214
2017-08-29 19:03:47,-106.2164026,39.961214
2017-08-29 19:03:47,-106.2164025,39.9612139
2017-08-29 19:03:47,-106.2164025,39.961214
2017-08-29 19:03:47,-106.2164025,39.9612139
2017-08-29 19:03:48,-106.2164026,39.9612138
2017-08-29 19:03:48,-106.2164026,39.9612137
2017-08-29 19:03:48,-106.2164026,39.9612137
2017-08-29 19:03:48,-106.2164027,39.9612137
2017-08-29 19:03:48,-106.2164027,39.9612138
2017-08-29 19:03:49,-106.2164027,39.9612138
2017-08-29 19:03:49,-106.2164027,39.9612138
2017-08-29 19:03:49,-106.2164026,39.9612138
2017-08-29 19:03:49,-106.2164025,39.9612139
2017-08-29 19:03:49,-106.2164024,39.9612139
2017-08-29 19:03:50,-106.2164024,39.9612139
2017-08-29 19:03:50,-106.2164023,39.9612141
2017-08-29 19:03:50,-106.2164024,39.9612141
2017-08-29 19:03:50,-106.2164024,39.9612142
2017-08-29 19:03:50,-106.2164024,39.9612142
2017-08-29 19:03:51,-106.2164024,39.9612141
2017-08-29 19:03:51,-106.2164024,39.9612142
2017-08-29 19:03:51,-106.2164022,39.9612141
2017-08-29 19:03:51,-106.2164023,39.9612141
2017-08-29 19:03:51,-106.2164023,39.9612141
2017-08-29 19:03:52,-106.2164024,39.961214
2017-08-29 19:03:52,-106.2164024,39.9612141
2017-08-29 19:03:52,-106.2164026,39.9612141
2017-08-29 19:03:52,-106.2164029,39.9612142
2017-08-29 19:03:52,-106.2164032,39.9612144
2017-08-29 19:03:53,-106.2164034,39.9612145
2017-08-29 19:03:53,-106.2164035,39.9612145
2017-08-29 19:03:53,-106.2164039,39.9612144
2017-08-29 19:03:53,-106.2164043,39.9612142
2017-08-29 19:03:53,-106.2164041,39.961214
2017-08-29 19:03:54,-106.216404,39.961214
2017-08-29 19:03:54,-106.216404,39.961214
2017-08-29 19:03:54,-106.216404,39.9612142
2017-08-29 19:03:54,-106.2164039,39.9612144
2017-08-29 19:03:55,-106.2164037,39.9612144
2017-08-29 19:03:55,-106.2164034,39.9612144
2017-08-29 19:03:55,-106.2164034,39.9612146
2017-08-29 19:03:55,-106.2164034,39.9612147
2017-08-29 19:03:55,-106.2164034,39.9612148
2017-08-29 19:03:55,-106.2164033,39.9612147
2017-08-29 19:03:56,-106.2164032,39.9612147
2017-08-29 19:03:56,-106.2164033,39.9612149
2017-08-29 19:03:56,-106.2164037,39.9612152
2017-08-29 19:03:56,-106.2164043,39.9612158
2017-08-29 19:03:56,-106.216405,39.9612168
2017-08-29 19:03:57,-106.2164058,39.9612176
2017-08-29 19:03:57,-106.2164065,39.9612182
2017-08-29 19:03:57,-106.2164071,39.961219
2017-08-29 19:03:57,-106.2164076,39.9612197
2017-08-29 19:03:57,-106.216408,39.9612203
2017-08-29 19:03:58,-106.2164085,39.9612211
2017-08-29 19:03:58,-106.2164086,39.9612218
2017-08-29 19:03:58,-106.2164088,39.961222
2017-08-29 19:03:58,-106.2164089,39.9612222
2017-08-29 19:03:58,-106.2164092,39.9612222
2017-08-29 19:03:59,-106.2164092,39.9612221
2017-08-29 19:03:59,-106.2164093,39.961222
2017-08-29 19:03:59,-106.2164092,39.9612218
2017-08-29 19:03:59,-106.216409,39.9612219
2017-08-29 19:04:00,-106.2164087,39.9612219
2017-08-29 19:04:00,-106.2164084,39.9612217
2017-08-29 19:04:00,-106.2164082,39.9612219
2017-08-29 19:04:00,-106.216408,39.9612218
2017-08-29 19:04:00,-106.216408,39.9612218
2017-08-29 19:04:01,-106.216408,39.9612218
2017-08-29 19:04:01,-106.2164079,39.9612218
2017-08-29 19:04:01,-106.2164077,39.9612217
2017-08-29 19:04:01,-106.2164076,39.9612215
2017-08-29 19:04:01,-106.2164075,39.9612211
2017-08-29 19:04:01,-106.2164074,39.9612208
2017-08-29 19:04:02,-106.2164072,39.9612206
2017-08-29 19:04:02,-106.216407,39.96122
2017-08-29 19:04:02,-106.2164068,39.9612197
2017-08-29 19:04:02,-106.2164066,39.9612194
2017-08-29 19:04:02,-106.2164063,39.9612193
2017-08-29 19:04:03,-106.2164061,39.9612191
2017-08-29 19:04:03,-106.216406,39.9612192
2017-08-29 19:04:03,-106.2164057,39.9612193
2017-08-29 19:04:03,-106.2164054,39.9612197
2017-08-29 19:04:03,-106.216405,39.9612201
2017-08-29 19:04:04,-106.2164047,39.9612204
2017-08-29 19:04:04,-106.2164043,39.9612204
2017-08-29 19:04:04,-106.216404,39.9612201
2017-08-29 19:04:04,-106.2164037,39.9612195
2017-08-29 19:04:04,-106.2164034,39.9612187
2017-08-29 19:04:05,-106.2164032,39.961218
2017-08-29 19:04:05,-106.2164029,39.9612171
2017-08-29 19:04:05,-106.2164026,39.9612162
2017-08-29 19:04:05,-106.2164024,39.9612153
2017-08-29 19:04:05,-106.2164025,39.9612143
2017-08-29 19:04:06,-106.2164027,39.9612134
2017-08-29 19:04:06,-106.2164029,39.9612125
2017-08-29 19:04:06,-106.2164032,39.9612119
2017-08-29 19:04:06,-106.2164034,39.9612112
2017-08-29 19:04:06,-106.2164036,39.9612109
2017-08-29 19:04:07,-106.2164039,39.9612105
2017-08-29 19:04:07,-106.2164041,39.9612103
2017-08-29 19:04:07,-106.2164044,39.9612102
2017-08-29 19:04:07,-106.2164044,39.96121
2017-08-29 19:04:08,-106.2164041,39.96121
2017-08-29 19:04:08,-106.2164038,39.9612099
2017-08-29 19:04:08,-106.2164034,39.9612099
2017-08-29 19:04:08,-106.2164031,39.96121
2017-08-29 19:04:08,-106.2164027,39.9612101
2017-08-29 19:04:09,-106.2164024,39.9612102
2017-08-29 19:04:09,-106.2164021,39.9612104
2017-08-29 19:04:09,-106.216402,39.9612106
2017-08-29 19:04:09,-106.2164019,39.9612108
2017-08-29 19:04:09,-106.2164017,39.961211
2017-08-29 19:04:09,-106.2164016,39.9612113
2017-08-29 19:04:10,-106.2164016,39.9612115
2017-08-29 19:04:10,-106.2164017,39.9612117
2017-08-29 19:04:10,-106.2164019,39.9612118
2017-08-29 19:04:10,-106.2164021,39.961212
2017-08-29 19:04:10,-106.2164023,39.9612121
2017-08-29 19:04:11,-106.2164026,39.9612121
2017-08-29 19:04:11,-106.2164028,39.9612123
2017-08-29 19:04:11,-106.2164033,39.9612123
2017-08-29 19:04:11,-106.2164035,39.9612124
2017-08-29 19:04:11,-106.2164038,39.9612124
2017-08-29 19:04:12,-106.216404,39.9612124
2017-08-29 19:04:12,-106.2164041,39.9612125
2017-08-29 19:04:12,-106.2164042,39.9612123
2017-08-29 19:04:12,-106.2164042,39.9612123
2017-08-29 19:04:12,-106.2164042,39.9612122
2017-08-29 19:04:13,-106.216404,39.9612123
2017-08-29 19:04:13,-106.2164039,39.9612124
2017-08-29 19:04:13,-106.2164038,39.9612124
2017-08-29 19:04:13,-106.2164036,39.9612125
2017-08-29 19:04:13,-106.2164035,39.9612124
2017-08-29 19:04:14,-106.2164036,39.9612123
2017-08-29 19:04:14,-106.2164036,39.9612123
2017-08-29 19:04:14,-106.2164035,39.9612124
2017-08-29 19:04:14,-106.2164033,39.9612124
2017-08-29 19:04:14,-106.2164032,39.9612123
2017-08-29 19:04:15,-106.216403,39.9612124
2017-08-29 19:04:15,-106.2164028,39.9612124
2017-08-29 19:04:15,-106.2164027,39.9612123
2017-08-29 19:04:15,-106.2164028,39.9612123
2017-08-29 19:04:15,-106.2164027,39.9612124
2017-08-29 19:04:16,-106.2164026,39.9612123
2017-08-29 19:04:16,-106.2164026,39.9612123
2017-08-29 19:04:16,-106.2164026,39.9612123
2017-08-29 19:04:16,-106.2164027,39.9612123
2017-08-29 19:04:16,-106.2164028,39.9612124
2017-08-29 19:04:17,-106.2164029,39.9612124
2017-08-29 19:04:17,-106.2164031,39.9612124
2017-08-29 19:04:17,-106.2164032,39.9612124
2017-08-29 19:04:17,-106.2164033,39.9612124
2017-08-29 19:04:17,-106.2164032,39.9612124
2017-08-29 19:04:18,-106.2164032,39.9612125
2017-08-29 19:04:18,-106.2164034,39.9612125
2017-08-29 19:04:18,-106.2164033,39.9612125
2017-08-29 19:04:18,-106.2164033,39.9612124
2017-08-29 19:04:18,-106.2164033,39.9612123
2017-08-29 19:04:19,-106.2164032,39.9612123
2017-08-29 19:04:19,-106.2164033,39.9612124
2017-08-29 19:04:19,-106.2164034,39.9612125
2017-08-29 19:04:19,-106.2164033,39.9612126
2017-08-29 19:04:19,-106.2164032,39.9612127
2017-08-29 19:04:20,-106.2164031,39.9612127
2017-08-29 19:04:20,-106.2164031,39.9612128
2017-08-29 19:04:20,-106.2164031,39.9612129
2017-08-29 19:04:20,-106.2164031,39.9612129
2017-08-29 19:04:20,-106.2164031,39.9612129
2017-08-29 19:04:21,-106.2164031,39.9612129
2017-08-29 19:04:21,-106.2164032,39.961213
2017-08-29 19:04:21,-106.2164032,39.9612129
2017-08-29 19:04:21,-106.2164033,39.9612129
2017-08-29 19:04:21,-106.2164033,39.9612128
2017-08-29 19:04:22,-106.2164035,39.9612127
2017-08-29 19:04:22,-106.2164035,39.9612126
2017-08-29 19:04:22,-106.2164036,39.9612125
2017-08-29 19:04:22,-106.2164038,39.9612123
2017-08-29 19:04:22,-106.216404,39.9612122
2017-08-29 19:04:23,-106.2164041,39.9612122
2017-08-29 19:04:23,-106.2164043,39.9612122
2017-08-29 19:04:23,-106.2164044,39.9612122
2017-08-29 19:04:23,-106.2164044,39.9612122
2017-08-29 19:04:23,-106.2164044,39.9612123
2017-08-29 19:04:24,-106.2164045,39.9612123
2017-08-29 19:04:24,-106.2164045,39.9612124
2017-08-29 19:04:24,-106.2164045,39.9612124
2017-08-29 19:04:24,-106.2164045,39.9612124
2017-08-29 19:04:24,-106.2164046,39.9612125
2017-08-29 19:04:25,-106.2164047,39.9612125
2017-08-29 19:04:25,-106.2164047,39.9612125
2017-08-29 19:04:25,-106.2164047,39.9612126
2017-08-29 19:04:25,-106.2164048,39.9612126
2017-08-29 19:04:25,-106.2164048,39.9612126
2017-08-29 19:04:26,-106.2164048,39.9612127
2017-08-29 19:04:26,-106.2164049,39.9612127
2017-08-29 19:04:26,-106.2164049,39.9612127
2017-08-29 19:04:26,-106.2164049,39.9612127
2017-08-29 19:04:26,-106.216405,39.9612128
2017-08-29 19:04:27,-106.216405,39.9612128
2017-08-29 19:04:27,-106.2164051,39.9612128
2017-08-29 19:04:27,-106.2164052,39.9612128
2017-08-29 19:04:27,-106.2164052,39.9612128
2017-08-29 19:04:27,-106.2164052,39.9612129
2017-08-29 19:04:28,-106.2164053,39.9612129
2017-08-29 19:04:28,-106.2164053,39.9612129
2017-08-29 19:04:28,-106.2164054,39.9612129
2017-08-29 19:04:28,-106.2164054,39.961213
2017-08-29 19:04:28,-106.2164054,39.961213
2017-08-29 19:04:29,-106.2164055,39.961213
2017-08-29 19:04:29,-106.2164055,39.961213
2017-08-29 19:04:29,-106.2164056,39.9612131
2017-08-29 19:04:29,-106.2164056,39.9612131
2017-08-29 19:04:30,-106.2164057,39.9612131
2017-08-29 19:04:30,-106.2164057,39.9612131
2017-08-29 19:04:30,-106.2164057,39.9612132
2017-08-29 19:04:30,-106.2164058,39.9612132
2017-08-29 19:04:30,-106.2164058,39.9612132
2017-08-29 19:04:31,-106.2164058,39.9612132
2017-08-29 19:04:31,-106.2164058,39.9612132
2017-08-29 19:04:31,-106.2164059,39.9612133
2017-08-29 19:04:31,-106.2164059,39.9612133
2017-08-29 19:04:31,-106.216406,39.9612133
2017-08-29 19:04:31,-106.216406,39.9612133
2017-08-29 19:04:32,-106.2164061,39.9612133
2017-08-29 19:04:32,-106.2164061,39.9612133
2017-08-29 19:04:32,-106.2164062,39.9612133
2017-08-29 19:04:32,-106.2164063,39.9612134
2017-08-29 19:04:32,-106.2164063,39.9612134
2017-08-29 19:04:33,-106.2164063,39.9612134
2017-08-29 19:04:33,-106.2164064,39.9612134
2017-08-29 19:04:33,-106.2164064,39.9612134
2017-08-29 19:04:33,-106.2164064,39.9612134
2017-08-29 19:04:33,-106.2164065,39.9612135
2017-08-29 19:04:34,-106.2164065,39.9612135
2017-08-29 19:04:34,-106.2164065,39.9612135
2017-08-29 19:04:34,-106.2164065,39.9612135
2017-08-29 19:04:34,-106.2164066,39.9612135
2017-08-29 19:04:34,-106.2164066,39.9612136
2017-08-29 19:04:35,-106.2164067,39.9612136
2017-08-29 19:04:35,-106.2164067,39.9612136
2017-08-29 19:04:35,-106.2164068,39.9612136
2017-08-29 19:04:35,-106.2164068,39.9612136
2017-08-29 19:04:35,-106.2164068,39.9612136
2017-08-29 19:04:36,-106.2164069,39.9612136
2017-08-29 19:04:36,-106.2164069,39.9612136
2017-08-29 19:04:36,-106.2164071,39.9612137
2017-08-29 19:04:36,-106.2164071,39.9612137
2017-08-29 19:04:36,-106.2164072,39.9612136
2017-08-29 19:04:37,-106.2164073,39.9612137
2017-08-29 19:04:37,-106.2164073,39.9612137
2017-08-29 19:04:37,-106.2164073,39.9612137
2017-08-29 19:04:37,-106.2164074,39.9612137
2017-08-29 19:04:37,-106.2164074,39.9612137
2017-08-29 19:04:38,-106.2164072,39.9612137
2017-08-29 19:04:38,-106.2164072,39.9612137
